key	frequency
0	0.165964
1	0.262308
2	0.333547
3	0.382638
4	0.418997
5	0.447660
6	0.471227
7	0.491435
8	0.507686
9	0.522297
10	0.535130
11	0.547243
12	0.558196
13	0.567051
14	0.575966
15	0.583841
16	0.591457
17	0.598413
18	0.604989
19	0.611285
20	0.616702
21	0.621959
22	0.627396
23	0.632273
24	0.637051
25	0.641508
26	0.645606
27	0.649503
28	0.653261
29	0.656819
30	0.660017
31	0.663315
32	0.666154
33	0.669252
34	0.671990
35	0.674589
36	0.677387
37	0.679966
38	0.682584
39	0.685602
40	0.687901
41	0.689980
42	0.692418
43	0.694857
44	0.697336
45	0.699554
46	0.701373
47	0.703172
48	0.705031
49	0.707010
50	0.709049
51	0.710588
52	0.712527
53	0.713946
54	0.715325
55	0.716624
56	0.718103
57	0.719823
58	0.720862
59	0.722241
60	0.723640
61	0.725079
62	0.726339
63	0.727638
64	0.728757
65	0.729937
66	0.731316
67	0.732455
68	0.733415
69	0.734834
70	0.736033
71	0.736853
72	0.737932
73	0.738891
74	0.739891
75	0.740850
76	0.741950
77	0.742869
78	0.743829
79	0.744708
80	0.745628
81	0.746647
82	0.747646
83	0.748546
84	0.749405
85	0.750345
86	0.751184
87	0.752084
88	0.752883
89	0.753703
90	0.754602
91	0.755402
92	0.756121
93	0.757121
94	0.757860
95	0.758720
96	0.759360
97	0.760159
98	0.760839
99	0.761578
100	0.762398
101	0.763277
102	0.763757
103	0.764437
104	0.765176
105	0.766016
106	0.766655
107	0.767095
108	0.767595
109	0.768055
110	0.768794
111	0.769394
112	0.769913
113	0.770533
114	0.771173
115	0.771632
116	0.772212
117	0.773032
118	0.773551
119	0.774071
120	0.774871
121	0.775470
122	0.776090
123	0.776510
124	0.776929
125	0.777529
126	0.778089
127	0.778828
128	0.779268
129	0.779668
130	0.780088
131	0.780527
132	0.781007
133	0.781567
134	0.781986
135	0.782486
136	0.782906
137	0.783246
138	0.783885
139	0.784425
140	0.784965
141	0.785305
142	0.785864
143	0.786364
144	0.786704
145	0.787143
146	0.787583
147	0.788083
148	0.788383
149	0.788942
150	0.789362
151	0.789662
152	0.790122
153	0.790462
154	0.790941
155	0.791481
156	0.791981
157	0.792580
158	0.793000
159	0.793540
160	0.793979
161	0.794319
162	0.794619
163	0.795139
164	0.795599
165	0.795958
166	0.796378
167	0.796738
168	0.797098
169	0.797577
170	0.797977
171	0.798397
172	0.798717
173	0.799137
174	0.799536
175	0.799856
176	0.800176
177	0.800456
178	0.800816
179	0.801135
180	0.801275
181	0.801575
182	0.801935
183	0.802135
184	0.802774
185	0.803054
186	0.803334
187	0.803634
188	0.804014
189	0.804473
190	0.804853
191	0.805133
192	0.805433
193	0.805653
194	0.806052
195	0.806292
196	0.806572
197	0.807012
198	0.807232
199	0.807592
200	0.807911
201	0.808231
202	0.808531
203	0.808831
204	0.809031
205	0.809371
206	0.809730
207	0.809930
208	0.810230
209	0.810450
210	0.810770
211	0.810950
212	0.811349
213	0.811509
214	0.811769
215	0.812109
216	0.812469
217	0.812689
218	0.812929
219	0.813148
220	0.813388
221	0.813628
222	0.813908
223	0.814248
224	0.814448
225	0.814747
226	0.814987
227	0.815207
228	0.815587
229	0.815867
230	0.816047
231	0.816386
232	0.816606
233	0.816806
234	0.817066
235	0.817366
236	0.817546
237	0.817746
238	0.817946
239	0.818185
240	0.818405
241	0.818605
242	0.818725
243	0.819045
244	0.819225
245	0.819505
246	0.819785
247	0.819984
248	0.820184
249	0.820404
250	0.820644
251	0.820924
252	0.821064
253	0.821244
254	0.821583
255	0.821803
256	0.821943
257	0.822123
258	0.822303
259	0.822543
260	0.822703
261	0.822963
262	0.823223
263	0.823442
264	0.823662
265	0.823742
266	0.823862
267	0.824042
268	0.824222
269	0.824342
270	0.824562
271	0.824862
272	0.824982
273	0.825181
274	0.825381
275	0.825501
276	0.825741
277	0.825901
278	0.826181
279	0.826361
280	0.826561
281	0.826721
282	0.827000
283	0.827180
284	0.827380
285	0.827580
286	0.827800
287	0.828220
288	0.828420
289	0.828599
290	0.828819
291	0.828979
292	0.829179
293	0.829539
294	0.829699
295	0.829839
296	0.829999
297	0.830238
298	0.830438
299	0.830798
300	0.830938
301	0.831118
302	0.831398
303	0.831698
304	0.831977
305	0.832097
306	0.832237
307	0.832397
308	0.832537
309	0.832617
310	0.832737
311	0.832937
312	0.833157
313	0.833317
314	0.833517
315	0.833577
316	0.833696
317	0.833856
318	0.834076
319	0.834196
320	0.834316
321	0.834416
322	0.834656
323	0.834776
324	0.835016
325	0.835136
326	0.835236
327	0.835415
328	0.835515
329	0.835755
330	0.835815
331	0.835975
332	0.836095
333	0.836195
334	0.836435
335	0.836575
336	0.836695
337	0.836875
338	0.836995
339	0.837134
340	0.837374
341	0.837494
342	0.837554
343	0.837634
344	0.837834
345	0.837914
346	0.838094
347	0.838194
348	0.838334
349	0.838434
350	0.838514
351	0.838634
352	0.838853
353	0.839013
354	0.839073
355	0.839193
356	0.839473
357	0.839593
358	0.839693
359	0.839833
360	0.839913
361	0.840153
362	0.840293
363	0.840413
364	0.840513
365	0.840632
366	0.840792
367	0.840872
368	0.840992
369	0.841072
370	0.841192
371	0.841312
372	0.841512
373	0.841672
374	0.841852
375	0.842012
376	0.842092
377	0.842232
378	0.842351
379	0.842411
380	0.842591
381	0.842751
382	0.842871
383	0.842931
384	0.843071
385	0.843211
386	0.843331
387	0.843411
388	0.843491
389	0.843651
390	0.843831
391	0.843970
392	0.844070
393	0.844190
394	0.844290
395	0.844350
396	0.844450
397	0.844570
398	0.844630
399	0.844810
400	0.844910
401	0.844970
402	0.845010
403	0.845170
404	0.845250
405	0.845410
406	0.845530
407	0.845690
408	0.845789
409	0.845829
410	0.845929
411	0.846009
412	0.846109
413	0.846269
414	0.846329
415	0.846449
416	0.846629
417	0.846749
418	0.846829
419	0.846949
420	0.847049
421	0.847129
422	0.847289
423	0.847309
424	0.847468
425	0.847588
426	0.847688
427	0.847888
428	0.848028
429	0.848188
430	0.848348
431	0.848428
432	0.848508
433	0.848568
434	0.848708
435	0.848868
436	0.848928
437	0.849008
438	0.849167
439	0.849207
440	0.849307
441	0.849507
442	0.849587
443	0.849767
444	0.849947
445	0.850027
446	0.850167
447	0.850227
448	0.850287
449	0.850487
450	0.850647
451	0.850727
452	0.850847
453	0.851006
454	0.851126
455	0.851246
456	0.851426
457	0.851486
458	0.851566
459	0.851606
460	0.851686
461	0.851786
462	0.851866
463	0.851946
464	0.852126
465	0.852246
466	0.852306
467	0.852426
468	0.852506
469	0.852625
470	0.852685
471	0.852805
472	0.852965
473	0.853085
474	0.853185
475	0.853285
476	0.853345
477	0.853445
478	0.853485
479	0.853545
480	0.853705
481	0.853845
482	0.853965
483	0.854085
484	0.854205
485	0.854344
486	0.854424
487	0.854524
488	0.854624
489	0.854784
490	0.854904
491	0.855004
492	0.855064
493	0.855164
494	0.855284
495	0.855344
496	0.855384
497	0.855504
498	0.855644
499	0.855764
500	0.855964
501	0.856083
502	0.856103
503	0.856283
504	0.856383
505	0.856463
506	0.856503
507	0.856563
508	0.856583
509	0.856723
510	0.856783
511	0.856823
512	0.856983
513	0.857063
514	0.857163
515	0.857283
516	0.857383
517	0.857503
518	0.857603
519	0.857762
520	0.857882
521	0.858002
522	0.858082
523	0.858282
524	0.858342
525	0.858442
526	0.858502
527	0.858622
528	0.858742
529	0.858822
530	0.858982
531	0.859002
532	0.859122
533	0.859162
534	0.859302
535	0.859322
536	0.859382
537	0.859462
538	0.859541
539	0.859601
540	0.859761
541	0.859901
542	0.859961
544	0.860021
545	0.860081
546	0.860221
547	0.860261
548	0.860321
549	0.860361
550	0.860401
551	0.860441
552	0.860481
553	0.860541
554	0.860601
555	0.860621
556	0.860761
557	0.860821
558	0.860881
559	0.860941
560	0.861041
561	0.861101
562	0.861181
563	0.861201
564	0.861380
565	0.861420
566	0.861560
567	0.861620
568	0.861720
569	0.861800
570	0.861840
571	0.861920
572	0.861960
573	0.862020
574	0.862080
575	0.862180
576	0.862280
577	0.862360
578	0.862440
579	0.862540
580	0.862600
581	0.862660
582	0.862700
584	0.862760
585	0.862860
586	0.862880
587	0.862959
588	0.862979
589	0.863159
590	0.863239
591	0.863279
592	0.863339
593	0.863379
594	0.863439
595	0.863499
596	0.863579
597	0.863619
598	0.863679
599	0.863719
600	0.863779
601	0.863839
602	0.863959
603	0.863999
604	0.864059
605	0.864139
606	0.864199
607	0.864299
608	0.864319
609	0.864379
610	0.864459
611	0.864519
613	0.864599
614	0.864698
615	0.864778
616	0.864798
617	0.864898
618	0.864918
619	0.864978
620	0.864998
621	0.865098
622	0.865178
623	0.865238
624	0.865298
625	0.865338
626	0.865378
628	0.865438
629	0.865458
630	0.865578
631	0.865618
632	0.865678
633	0.865698
634	0.865758
635	0.865838
636	0.865918
637	0.865978
638	0.866098
639	0.866118
640	0.866158
641	0.866198
642	0.866298
643	0.866378
644	0.866417
645	0.866517
646	0.866557
647	0.866577
648	0.866617
649	0.866677
650	0.866797
651	0.866857
652	0.866897
653	0.866917
654	0.866957
655	0.866977
656	0.867057
657	0.867117
658	0.867197
659	0.867277
660	0.867337
661	0.867437
662	0.867537
663	0.867577
664	0.867737
665	0.867877
666	0.867937
667	0.867997
668	0.868097
669	0.868196
670	0.868216
671	0.868256
672	0.868336
673	0.868376
674	0.868456
675	0.868556
676	0.868616
677	0.868656
678	0.868716
679	0.868756
680	0.868816
681	0.868936
682	0.868976
683	0.869076
684	0.869096
685	0.869156
686	0.869216
687	0.869296
688	0.869316
689	0.869396
690	0.869436
691	0.869516
692	0.869576
693	0.869696
694	0.869736
695	0.869796
696	0.869835
697	0.869875
698	0.869935
699	0.869995
700	0.870015
702	0.870155
703	0.870215
704	0.870255
705	0.870355
706	0.870395
708	0.870435
709	0.870475
710	0.870495
711	0.870515
712	0.870555
713	0.870595
714	0.870675
715	0.870755
716	0.870835
718	0.870875
719	0.870895
721	0.870955
722	0.870975
723	0.871015
724	0.871075
725	0.871115
727	0.871175
728	0.871195
729	0.871215
730	0.871295
731	0.871335
733	0.871355
734	0.871395
735	0.871435
736	0.871495
737	0.871574
738	0.871634
740	0.871754
741	0.871774
742	0.871834
743	0.871894
744	0.871954
745	0.872034
746	0.872054
747	0.872114
748	0.872174
749	0.872214
750	0.872234
751	0.872314
752	0.872394
753	0.872434
754	0.872514
755	0.872594
756	0.872614
757	0.872634
758	0.872694
759	0.872734
760	0.872874
761	0.872934
762	0.872994
763	0.873054
764	0.873114
765	0.873174
766	0.873214
767	0.873234
768	0.873274
769	0.873373
771	0.873453
772	0.873513
773	0.873573
774	0.873593
775	0.873613
776	0.873713
777	0.873773
778	0.873793
779	0.873893
781	0.873953
782	0.873993
783	0.874053
784	0.874073
785	0.874173
786	0.874233
787	0.874273
788	0.874333
789	0.874413
790	0.874453
791	0.874513
792	0.874593
793	0.874633
794	0.874653
795	0.874713
796	0.874793
797	0.874833
798	0.874893
799	0.874973
800	0.874993
801	0.875052
802	0.875172
803	0.875232
804	0.875252
805	0.875312
806	0.875332
807	0.875352
808	0.875392
809	0.875412
810	0.875452
811	0.875492
812	0.875512
813	0.875552
814	0.875612
815	0.875652
816	0.875712
817	0.875732
819	0.875772
821	0.875872
822	0.875952
824	0.875992
825	0.876032
826	0.876132
827	0.876172
828	0.876192
829	0.876212
830	0.876252
832	0.876292
834	0.876312
835	0.876352
836	0.876392
837	0.876432
839	0.876452
840	0.876512
842	0.876532
844	0.876572
845	0.876632
846	0.876672
849	0.876751
850	0.876811
851	0.876871
852	0.876931
853	0.876971
854	0.877071
855	0.877151
856	0.877231
857	0.877271
858	0.877351
859	0.877491
860	0.877511
861	0.877631
863	0.877731
864	0.877751
865	0.877811
866	0.877871
867	0.877931
868	0.877951
870	0.878051
871	0.878111
872	0.878191
873	0.878271
874	0.878331
875	0.878431
876	0.878470
877	0.878490
878	0.878510
879	0.878550
880	0.878610
881	0.878670
882	0.878710
883	0.878770
884	0.878790
885	0.878810
886	0.878830
887	0.878870
888	0.878910
889	0.878970
890	0.878990
891	0.879050
892	0.879090
893	0.879110
894	0.879170
895	0.879210
896	0.879310
898	0.879350
899	0.879410
900	0.879430
901	0.879450
902	0.879470
903	0.879550
904	0.879630
905	0.879670
906	0.879690
907	0.879770
909	0.879830
911	0.879890
912	0.879950
913	0.879970
914	0.879990
915	0.880010
916	0.880090
917	0.880110
918	0.880130
919	0.880150
920	0.880269
921	0.880289
922	0.880409
923	0.880429
924	0.880449
925	0.880509
926	0.880529
927	0.880589
928	0.880609
929	0.880629
930	0.880689
931	0.880709
932	0.880729
933	0.880749
934	0.880789
935	0.880849
936	0.880909
937	0.880969
938	0.881029
940	0.881109
941	0.881149
942	0.881169
943	0.881229
944	0.881249
945	0.881269
946	0.881289
947	0.881349
950	0.881389
951	0.881449
952	0.881509
953	0.881589
954	0.881669
955	0.881689
956	0.881729
957	0.881749
958	0.881809
959	0.881889
960	0.881948
961	0.882028
962	0.882048
963	0.882088
964	0.882128
965	0.882168
966	0.882208
967	0.882228
968	0.882268
970	0.882308
971	0.882348
972	0.882388
974	0.882468
975	0.882508
976	0.882568
977	0.882628
978	0.882668
979	0.882708
980	0.882788
981	0.882808
983	0.882828
984	0.882848
986	0.882908
987	0.882968
989	0.883008
990	0.883028
991	0.883088
992	0.883108
993	0.883128
994	0.883168
995	0.883188
996	0.883268
997	0.883308
999	0.883348
1000	0.883368
1002	0.883428
1003	0.883448
1004	0.883508
1006	0.883568
1007	0.883627
1008	0.883687
1009	0.883747
1010	0.883767
1011	0.883807
1012	0.883867
1014	0.883887
1015	0.883927
1016	0.883967
1017	0.884007
1018	0.884047
1019	0.884087
1020	0.884127
1021	0.884147
1022	0.884167
1023	0.884207
1024	0.884247
1026	0.884307
1027	0.884367
1028	0.884387
1029	0.884427
1030	0.884467
1031	0.884527
1032	0.884567
1033	0.884607
1034	0.884667
1035	0.884707
1036	0.884727
1037	0.884747
1038	0.884767
1039	0.884807
1040	0.884827
1041	0.884887
1042	0.884927
1043	0.884967
1044	0.885047
1045	0.885067
1046	0.885107
1047	0.885127
1050	0.885207
1051	0.885247
1052	0.885287
1053	0.885307
1055	0.885327
1056	0.885366
1057	0.885446
1058	0.885466
1059	0.885506
1061	0.885566
1063	0.885586
1064	0.885606
1065	0.885646
1066	0.885706
1067	0.885786
1069	0.885806
1070	0.885866
1071	0.885906
1072	0.885926
1073	0.885986
1074	0.886046
1075	0.886066
1076	0.886106
1077	0.886166
1079	0.886226
1080	0.886286
1081	0.886326
1082	0.886346
1083	0.886366
1084	0.886406
1085	0.886466
1086	0.886486
1087	0.886526
1088	0.886566
1089	0.886586
1091	0.886606
1092	0.886626
1094	0.886646
1095	0.886686
1096	0.886746
1097	0.886786
1100	0.886846
1101	0.886866
1102	0.886886
1103	0.886926
1104	0.886946
1106	0.886966
1108	0.886986
1109	0.887066
1110	0.887125
1111	0.887145
1112	0.887165
1113	0.887185
1114	0.887205
1115	0.887245
1116	0.887265
1118	0.887305
1120	0.887345
1121	0.887365
1122	0.887425
1123	0.887505
1125	0.887545
1127	0.887585
1128	0.887605
1129	0.887625
1130	0.887685
1131	0.887705
1133	0.887765
1134	0.887785
1135	0.887805
1136	0.887845
1138	0.887865
1140	0.887885
1141	0.887945
1142	0.887965
1144	0.888005
1145	0.888045
1146	0.888085
1149	0.888145
1150	0.888185
1151	0.888245
1152	0.888305
1153	0.888345
1154	0.888385
1155	0.888405
1156	0.888465
1157	0.888485
1158	0.888525
1159	0.888545
1160	0.888585
1161	0.888625
1162	0.888645
1163	0.888705
1164	0.888745
1165	0.888785
1166	0.888844
1167	0.888864
1169	0.888924
1170	0.888944
1171	0.889044
1172	0.889104
1173	0.889144
1174	0.889184
1175	0.889204
1176	0.889244
1179	0.889264
1180	0.889304
1181	0.889344
1182	0.889384
1183	0.889404
1185	0.889444
1186	0.889484
1187	0.889524
1188	0.889564
1189	0.889584
1190	0.889624
1195	0.889644
1197	0.889684
1198	0.889704
1199	0.889744
1200	0.889764
1201	0.889784
1203	0.889844
1204	0.889884
1205	0.889964
1207	0.889984
1208	0.890004
1210	0.890064
1211	0.890084
1212	0.890124
1214	0.890164
1215	0.890184
1217	0.890224
1218	0.890304
1219	0.890364
1220	0.890384
1221	0.890404
1225	0.890464
1226	0.890484
1227	0.890504
1229	0.890543
1233	0.890603
1234	0.890643
1235	0.890683
1236	0.890703
1237	0.890723
1238	0.890743
1239	0.890803
1240	0.890823
1241	0.890863
1242	0.890883
1244	0.890903
1245	0.890983
1246	0.891003
1247	0.891043
1248	0.891063
1249	0.891083
1250	0.891123
1251	0.891163
1252	0.891223
1253	0.891243
1254	0.891283
1255	0.891303
1257	0.891323
1259	0.891343
1260	0.891363
1261	0.891403
1263	0.891423
1265	0.891463
1268	0.891483
1271	0.891503
1272	0.891543
1273	0.891603
1274	0.891643
1275	0.891683
1276	0.891703
1279	0.891743
1281	0.891783
1282	0.891803
1284	0.891823
1285	0.891843
1287	0.891883
1289	0.891903
1290	0.891923
1291	0.891943
1293	0.891963
1295	0.892023
1298	0.892083
1300	0.892103
1302	0.892143
1304	0.892163
1305	0.892203
1307	0.892223
1309	0.892302
1310	0.892322
1311	0.892362
1312	0.892382
1313	0.892402
1315	0.892422
1318	0.892462
1319	0.892502
1322	0.892562
1323	0.892602
1324	0.892622
1325	0.892642
1326	0.892662
1327	0.892682
1329	0.892702
1332	0.892762
1335	0.892782
1336	0.892802
1337	0.892822
1338	0.892882
1340	0.892922
1341	0.892962
1343	0.892982
1344	0.893042
1345	0.893102
1346	0.893122
1347	0.893202
1350	0.893242
1352	0.893262
1353	0.893362
1355	0.893402
1356	0.893442
1357	0.893482
1359	0.893502
1360	0.893522
1361	0.893562
1362	0.893582
1363	0.893622
1364	0.893662
1366	0.893702
1367	0.893742
1368	0.893802
1369	0.893842
1370	0.893862
1372	0.893882
1374	0.893902
1375	0.893942
1377	0.893981
1378	0.894001
1379	0.894081
1381	0.894101
1383	0.894121
1385	0.894141
1386	0.894161
1387	0.894201
1393	0.894221
1395	0.894241
1396	0.894301
1398	0.894341
1400	0.894381
1401	0.894401
1402	0.894441
1403	0.894461
1404	0.894481
1405	0.894521
1407	0.894541
1409	0.894601
1410	0.894621
1411	0.894641
1412	0.894661
1413	0.894681
1415	0.894741
1416	0.894801
1417	0.894841
1418	0.894881
1420	0.894901
1421	0.894981
1422	0.895021
1423	0.895041
1424	0.895121
1425	0.895141
1428	0.895161
1429	0.895181
1430	0.895201
1431	0.895221
1433	0.895261
1434	0.895281
1436	0.895321
1438	0.895341
1439	0.895361
1440	0.895421
1441	0.895441
1442	0.895501
1443	0.895521
1444	0.895541
1445	0.895621
1446	0.895641
1447	0.895661
1448	0.895720
1449	0.895740
1451	0.895800
1453	0.895840
1456	0.895860
1457	0.895880
1459	0.895960
1463	0.896000
1464	0.896060
1465	0.896080
1466	0.896100
1467	0.896120
1468	0.896140
1469	0.896160
1470	0.896180
1476	0.896200
1477	0.896240
1478	0.896260
1479	0.896360
1482	0.896400
1484	0.896420
1485	0.896440
1486	0.896460
1487	0.896500
1488	0.896520
1489	0.896540
1490	0.896560
1492	0.896580
1493	0.896600
1494	0.896640
1496	0.896680
1497	0.896720
1498	0.896820
1500	0.896860
1502	0.896880
1504	0.896920
1507	0.896960
1508	0.896980
1509	0.897000
1512	0.897040
1513	0.897060
1515	0.897080
1516	0.897120
1517	0.897180
1520	0.897200
1523	0.897220
1525	0.897260
1526	0.897280
1528	0.897300
1530	0.897340
1532	0.897360
1536	0.897380
1538	0.897400
1539	0.897419
1541	0.897459
1543	0.897479
1544	0.897499
1545	0.897559
1548	0.897579
1549	0.897599
1553	0.897619
1555	0.897639
1556	0.897679
1559	0.897719
1561	0.897739
1562	0.897779
1563	0.897819
1564	0.897859
1565	0.897879
1566	0.897899
1567	0.897919
1570	0.897939
1571	0.897979
1573	0.898019
1574	0.898039
1575	0.898059
1576	0.898079
1580	0.898119
1581	0.898139
1582	0.898159
1583	0.898179
1587	0.898199
1588	0.898219
1593	0.898239
1594	0.898299
1595	0.898339
1597	0.898359
1598	0.898399
1599	0.898419
1602	0.898459
1604	0.898539
1611	0.898559
1616	0.898599
1618	0.898639
1619	0.898659
1620	0.898679
1621	0.898719
1622	0.898759
1623	0.898799
1624	0.898819
1625	0.898899
1626	0.898919
1627	0.898979
1630	0.898999
1631	0.899019
1632	0.899059
1635	0.899079
1636	0.899138
1637	0.899218
1638	0.899238
1639	0.899278
1640	0.899298
1641	0.899318
1642	0.899338
1643	0.899358
1645	0.899378
1646	0.899398
1647	0.899438
1648	0.899478
1649	0.899498
1650	0.899518
1651	0.899558
1654	0.899578
1655	0.899618
1656	0.899638
1658	0.899678
1659	0.899698
1660	0.899738
1662	0.899758
1663	0.899818
1664	0.899838
1665	0.899878
1667	0.899918
1668	0.899938
1670	0.899958
1672	0.899998
1673	0.900018
1677	0.900038
1678	0.900058
1679	0.900078
1683	0.900098
1684	0.900118
1685	0.900158
1687	0.900198
1688	0.900218
1689	0.900278
1690	0.900298
1691	0.900318
1695	0.900338
1696	0.900378
1697	0.900398
1698	0.900418
1699	0.900438
1700	0.900458
1702	0.900478
1705	0.900498
1708	0.900518
1709	0.900538
1710	0.900558
1711	0.900598
1712	0.900618
1714	0.900698
1715	0.900718
1719	0.900738
1720	0.900758
1721	0.900778
1722	0.900798
1724	0.900818
1725	0.900838
1726	0.900858
1728	0.900877
1730	0.900957
1732	0.900977
1734	0.900997
1735	0.901037
1738	0.901057
1741	0.901077
1744	0.901117
1746	0.901137
1747	0.901157
1749	0.901177
1750	0.901197
1752	0.901237
1753	0.901257
1755	0.901277
1756	0.901297
1757	0.901317
1759	0.901337
1761	0.901377
1762	0.901417
1763	0.901437
1765	0.901477
1768	0.901497
1771	0.901537
1772	0.901557
1773	0.901577
1774	0.901597
1779	0.901617
1782	0.901637
1783	0.901657
1786	0.901677
1787	0.901697
1789	0.901717
1790	0.901757
1791	0.901777
1792	0.901817
1796	0.901837
1797	0.901877
1800	0.901897
1801	0.901917
1802	0.901937
1804	0.901957
1806	0.901977
1807	0.901997
1808	0.902017
1809	0.902057
1811	0.902077
1814	0.902117
1815	0.902137
1818	0.902197
1820	0.902237
1821	0.902257
1822	0.902277
1823	0.902297
1824	0.902317
1829	0.902337
1830	0.902377
1831	0.902417
1832	0.902437
1833	0.902497
1834	0.902517
1835	0.902537
1838	0.902577
1839	0.902596
1840	0.902656
1843	0.902716
1846	0.902756
1847	0.902776
1848	0.902796
1850	0.902816
1853	0.902836
1856	0.902856
1857	0.902876
1858	0.902916
1860	0.902936
1861	0.902956
1866	0.902976
1868	0.903036
1869	0.903076
1870	0.903096
1871	0.903116
1874	0.903156
1875	0.903176
1879	0.903196
1880	0.903216
1882	0.903236
1883	0.903256
1885	0.903296
1886	0.903336
1890	0.903376
1891	0.903396
1892	0.903476
1894	0.903516
1898	0.903536
1900	0.903556
1901	0.903616
1902	0.903636
1906	0.903676
1907	0.903716
1908	0.903736
1909	0.903776
1910	0.903796
1911	0.903816
1912	0.903856
1916	0.903876
1919	0.903936
1921	0.903976
1924	0.903996
1925	0.904016
1927	0.904036
1928	0.904056
1932	0.904076
1934	0.904096
1935	0.904136
1936	0.904176
1937	0.904196
1938	0.904236
1939	0.904276
1941	0.904296
1945	0.904335
1947	0.904355
1948	0.904375
1949	0.904415
1950	0.904455
1951	0.904495
1952	0.904515
1953	0.904555
1954	0.904595
1956	0.904615
1959	0.904655
1961	0.904675
1963	0.904695
1966	0.904715
1967	0.904735
1968	0.904755
1969	0.904775
1970	0.904815
1971	0.904835
1975	0.904855
1977	0.904875
1980	0.904935
1984	0.904955
1985	0.904975
1986	0.905015
1987	0.905055
1988	0.905095
1989	0.905135
1990	0.905155
1991	0.905175
1994	0.905215
1996	0.905235
1997	0.905255
1998	0.905295
1999	0.905315
2000	0.905335
2002	0.905355
2003	0.905375
2005	0.905395
2006	0.905435
2011	0.905515
2012	0.905555
2013	0.905575
2014	0.905595
2015	0.905615
2016	0.905635
2017	0.905675
2018	0.905695
2021	0.905715
2022	0.905735
2023	0.905755
2025	0.905775
2027	0.905795
2030	0.905815
2033	0.905835
2037	0.905855
2038	0.905875
2039	0.905915
2040	0.905935
2041	0.905975
2043	0.905995
2045	0.906034
2046	0.906054
2051	0.906074
2055	0.906094
2063	0.906114
2065	0.906134
2068	0.906154
2069	0.906174
2070	0.906234
2071	0.906254
2073	0.906274
2074	0.906294
2075	0.906314
2076	0.906334
2078	0.906354
2081	0.906374
2084	0.906394
2089	0.906414
2092	0.906434
2096	0.906494
2098	0.906534
2099	0.906554
2101	0.906574
2106	0.906594
2108	0.906614
2111	0.906654
2116	0.906674
2119	0.906694
2121	0.906714
2123	0.906754
2125	0.906774
2128	0.906794
2129	0.906834
2132	0.906854
2133	0.906874
2134	0.906914
2135	0.906934
2138	0.906954
2140	0.906974
2143	0.907034
2144	0.907054
2145	0.907074
2149	0.907094
2150	0.907114
2151	0.907134
2154	0.907154
2155	0.907174
2156	0.907194
2157	0.907214
2158	0.907234
2164	0.907254
2165	0.907294
2169	0.907314
2171	0.907334
2172	0.907354
2173	0.907394
2175	0.907434
2176	0.907454
2180	0.907474
2183	0.907494
2186	0.907514
2191	0.907534
2194	0.907574
2195	0.907594
2196	0.907614
2202	0.907634
2203	0.907674
2206	0.907694
2208	0.907714
2211	0.907734
2212	0.907754
2213	0.907793
2214	0.907853
2216	0.907873
2217	0.907893
2220	0.907913
2221	0.907953
2224	0.907973
2227	0.907993
2228	0.908013
2232	0.908033
2233	0.908053
2236	0.908073
2237	0.908113
2238	0.908133
2239	0.908153
2241	0.908173
2242	0.908213
2245	0.908233
2246	0.908273
2247	0.908313
2249	0.908353
2251	0.908373
2252	0.908393
2254	0.908413
2255	0.908433
2256	0.908473
2257	0.908493
2260	0.908513
2261	0.908533
2264	0.908553
2265	0.908593
2269	0.908613
2271	0.908633
2273	0.908673
2275	0.908693
2277	0.908733
2282	0.908753
2283	0.908773
2285	0.908793
2289	0.908813
2293	0.908833
2295	0.908853
2299	0.908873
2301	0.908893
2302	0.908913
2304	0.908973
2305	0.908993
2309	0.909013
2311	0.909053
2313	0.909073
2314	0.909133
2315	0.909153
2323	0.909173
2327	0.909193
2328	0.909213
2330	0.909233
2336	0.909253
2337	0.909273
2341	0.909293
2342	0.909313
2344	0.909333
2345	0.909373
2347	0.909393
2349	0.909413
2351	0.909453
2353	0.909473
2354	0.909492
2355	0.909512
2356	0.909532
2357	0.909552
2364	0.909572
2367	0.909592
2368	0.909612
2369	0.909652
2372	0.909672
2374	0.909712
2375	0.909772
2376	0.909812
2379	0.909832
2380	0.909852
2383	0.909872
2388	0.909912
2390	0.909932
2391	0.909952
2395	0.909972
2399	0.909992
2402	0.910032
2403	0.910052
2404	0.910072
2412	0.910092
2414	0.910112
2417	0.910132
2419	0.910152
2426	0.910172
2429	0.910192
2430	0.910212
2434	0.910232
2435	0.910252
2437	0.910292
2441	0.910332
2442	0.910352
2443	0.910372
2447	0.910392
2448	0.910412
2450	0.910432
2456	0.910452
2458	0.910492
2461	0.910512
2465	0.910532
2466	0.910552
2469	0.910572
2470	0.910592
2472	0.910612
2474	0.910632
2478	0.910652
2480	0.910672
2481	0.910692
2484	0.910712
2487	0.910732
2488	0.910752
2494	0.910772
2495	0.910792
2496	0.910812
2497	0.910832
2499	0.910852
2502	0.910872
2505	0.910892
2507	0.910912
2512	0.910932
2514	0.910952
2516	0.910972
2521	0.910992
2522	0.911012
2523	0.911052
2524	0.911072
2526	0.911092
2531	0.911112
2535	0.911132
2536	0.911152
2540	0.911172
2542	0.911211
2544	0.911231
2548	0.911251
2549	0.911311
2550	0.911371
2551	0.911391
2554	0.911431
2561	0.911451
2563	0.911471
2565	0.911491
2570	0.911531
2575	0.911551
2576	0.911591
2577	0.911611
2579	0.911631
2582	0.911651
2583	0.911671
2584	0.911691
2585	0.911711
2590	0.911751
2598	0.911771
2599	0.911791
2601	0.911811
2603	0.911831
2604	0.911871
2605	0.911911
2608	0.911931
2609	0.911951
2611	0.911991
2612	0.912031
2615	0.912051
2620	0.912071
2627	0.912091
2632	0.912131
2633	0.912191
2635	0.912231
2636	0.912251
2637	0.912311
2638	0.912331
2640	0.912351
2641	0.912371
2642	0.912391
2643	0.912411
2646	0.912431
2647	0.912471
2648	0.912491
2649	0.912511
2651	0.912531
2657	0.912551
2662	0.912571
2663	0.912591
2664	0.912611
2667	0.912631
2674	0.912651
2678	0.912671
2687	0.912691
2689	0.912731
2690	0.912751
2692	0.912771
2696	0.912791
2700	0.912811
2701	0.912831
2705	0.912851
2707	0.912871
2708	0.912891
2709	0.912911
2711	0.912970
2713	0.913010
2722	0.913030
2724	0.913050
2726	0.913070
2727	0.913090
2728	0.913110
2737	0.913130
2741	0.913150
2745	0.913170
2746	0.913190
2752	0.913210
2753	0.913250
2754	0.913270
2755	0.913330
2758	0.913350
2761	0.913370
2764	0.913390
2767	0.913410
2770	0.913450
2771	0.913470
2773	0.913490
2779	0.913530
2783	0.913550
2785	0.913570
2786	0.913590
2787	0.913610
2789	0.913630
2791	0.913650
2794	0.913670
2795	0.913710
2799	0.913730
2803	0.913750
2804	0.913770
2806	0.913830
2807	0.913850
2808	0.913870
2809	0.913890
2812	0.913910
2814	0.913930
2816	0.913990
2819	0.914030
2831	0.914050
2834	0.914070
2835	0.914090
2836	0.914110
2840	0.914130
2845	0.914150
2846	0.914170
2850	0.914190
2853	0.914230
2856	0.914270
2858	0.914290
2859	0.914310
2860	0.914330
2874	0.914410
2876	0.914430
2883	0.914450
2887	0.914470
2888	0.914490
2895	0.914510
2897	0.914550
2898	0.914570
2906	0.914590
2908	0.914630
2909	0.914669
2910	0.914689
2912	0.914709
2921	0.914729
2922	0.914749
2923	0.914769
2928	0.914789
2931	0.914809
2938	0.914829
2941	0.914869
2946	0.914889
2947	0.914909
2948	0.914929
2956	0.914949
2958	0.914969
2959	0.914989
2960	0.915009
2961	0.915029
2963	0.915069
2964	0.915089
2972	0.915129
2979	0.915149
2982	0.915169
2983	0.915189
2984	0.915209
2985	0.915229
2986	0.915249
2988	0.915269
2991	0.915289
2994	0.915309
2995	0.915329
2997	0.915389
3001	0.915449
3007	0.915469
3011	0.915489
3012	0.915529
3013	0.915549
3017	0.915569
3021	0.915589
3027	0.915609
3030	0.915629
3033	0.915649
3035	0.915669
3036	0.915689
3039	0.915709
3041	0.915729
3042	0.915749
3043	0.915789
3044	0.915829
3045	0.915849
3050	0.915869
3052	0.915949
3055	0.915969
3058	0.915989
3061	0.916009
3067	0.916029
3069	0.916049
3073	0.916069
3074	0.916089
3084	0.916109
3085	0.916129
3087	0.916169
3093	0.916189
3095	0.916229
3101	0.916249
3103	0.916269
3105	0.916289
3112	0.916329
3115	0.916349
3116	0.916369
3117	0.916388
3120	0.916408
3122	0.916428
3123	0.916448
3127	0.916468
3128	0.916488
3130	0.916508
3133	0.916528
3134	0.916568
3136	0.916588
3138	0.916608
3141	0.916628
3142	0.916668
3144	0.916688
3151	0.916708
3156	0.916728
3160	0.916768
3167	0.916788
3168	0.916808
3170	0.916828
3171	0.916848
3172	0.916868
3177	0.916888
3179	0.916908
3180	0.916928
3185	0.916968
3187	0.916988
3188	0.917008
3189	0.917028
3191	0.917048
3193	0.917068
3196	0.917088
3197	0.917108
3198	0.917128
3199	0.917148
3202	0.917168
3206	0.917188
3208	0.917228
3213	0.917268
3215	0.917288
3216	0.917308
3220	0.917328
3222	0.917348
3224	0.917368
3232	0.917388
3234	0.917408
3235	0.917428
3237	0.917448
3238	0.917488
3239	0.917508
3242	0.917528
3244	0.917548
3248	0.917568
3250	0.917588
3252	0.917608
3253	0.917628
3254	0.917648
3255	0.917668
3258	0.917688
3259	0.917728
3261	0.917748
3264	0.917788
3265	0.917808
3273	0.917828
3274	0.917868
3277	0.917908
3279	0.917928
3280	0.917948
3287	0.917968
3288	0.917988
3289	0.918008
3301	0.918028
3302	0.918068
3303	0.918088
3310	0.918107
3311	0.918127
3315	0.918147
3316	0.918167
3318	0.918187
3323	0.918207
3324	0.918227
3326	0.918247
3331	0.918267
3332	0.918287
3333	0.918307
3335	0.918347
3336	0.918367
3337	0.918407
3339	0.918427
3348	0.918447
3352	0.918467
3359	0.918487
3360	0.918507
3363	0.918547
3368	0.918567
3377	0.918607
3381	0.918647
3384	0.918667
3385	0.918687
3391	0.918707
3394	0.918727
3397	0.918747
3398	0.918787
3399	0.918807
3402	0.918827
3407	0.918847
3409	0.918887
3413	0.918907
3414	0.918927
3423	0.918947
3427	0.918967
3434	0.918987
3435	0.919027
3446	0.919047
3448	0.919067
3449	0.919087
3450	0.919107
3454	0.919127
3456	0.919147
3458	0.919167
3460	0.919187
3461	0.919207
3463	0.919227
3464	0.919247
3466	0.919267
3469	0.919287
3474	0.919307
3492	0.919327
3494	0.919347
3497	0.919387
3498	0.919407
3499	0.919427
3500	0.919467
3501	0.919487
3503	0.919507
3506	0.919527
3510	0.919547
3512	0.919567
3516	0.919587
3517	0.919607
3518	0.919627
3520	0.919647
3523	0.919667
3524	0.919687
3525	0.919707
3526	0.919767
3527	0.919787
3534	0.919807
3540	0.919846
3542	0.919866
3550	0.919886
3553	0.919906
3554	0.919926
3558	0.919946
3560	0.919966
3566	0.920006
3572	0.920026
3575	0.920046
3579	0.920066
3581	0.920086
3585	0.920106
3586	0.920126
3588	0.920146
3592	0.920186
3593	0.920206
3594	0.920226
3596	0.920246
3598	0.920266
3602	0.920286
3605	0.920326
3610	0.920346
3614	0.920366
3616	0.920386
3617	0.920406
3618	0.920426
3619	0.920446
3621	0.920466
3622	0.920486
3626	0.920506
3629	0.920526
3631	0.920546
3634	0.920566
3635	0.920586
3640	0.920626
3641	0.920646
3642	0.920666
3643	0.920686
3645	0.920706
3646	0.920726
3647	0.920746
3648	0.920766
3653	0.920826
3655	0.920846
3657	0.920866
3660	0.920886
3662	0.920906
3665	0.920926
3671	0.920966
3674	0.921006
3675	0.921026
3677	0.921046
3679	0.921066
3680	0.921086
3682	0.921126
3686	0.921146
3689	0.921166
3690	0.921186
3696	0.921206
3702	0.921226
3703	0.921246
3705	0.921266
3715	0.921286
3716	0.921306
3719	0.921326
3723	0.921346
3726	0.921366
3728	0.921386
3730	0.921406
3731	0.921426
3733	0.921446
3734	0.921466
3735	0.921486
3743	0.921526
3745	0.921546
3746	0.921565
3763	0.921585
3765	0.921605
3770	0.921625
3773	0.921665
3775	0.921685
3776	0.921705
3778	0.921725
3779	0.921745
3782	0.921765
3785	0.921805
3790	0.921825
3804	0.921905
3806	0.921925
3808	0.921945
3811	0.921965
3813	0.921985
3816	0.922005
3828	0.922025
3831	0.922045
3838	0.922065
3840	0.922085
3847	0.922105
3850	0.922125
3854	0.922145
3856	0.922165
3857	0.922185
3859	0.922205
3860	0.922225
3861	0.922245
3864	0.922265
3869	0.922285
3872	0.922305
3875	0.922325
3879	0.922345
3882	0.922365
3883	0.922385
3888	0.922405
3891	0.922425
3896	0.922445
3905	0.922485
3906	0.922505
3907	0.922545
3924	0.922565
3929	0.922585
3939	0.922605
3943	0.922625
3952	0.922645
3955	0.922665
3966	0.922685
3967	0.922705
3972	0.922725
3973	0.922745
3975	0.922765
3984	0.922785
3986	0.922805
3990	0.922825
3991	0.922845
3995	0.922865
3997	0.922885
3999	0.922905
4004	0.922945
4014	0.922985
4015	0.923005
4016	0.923025
4023	0.923045
4028	0.923065
4033	0.923105
4042	0.923125
4050	0.923145
4055	0.923165
4057	0.923185
4069	0.923205
4072	0.923225
4075	0.923245
4076	0.923265
4077	0.923284
4097	0.923304
4098	0.923324
4110	0.923344
4112	0.923364
4114	0.923384
4119	0.923424
4123	0.923444
4124	0.923464
4126	0.923484
4128	0.923504
4134	0.923524
4136	0.923544
4141	0.923564
4142	0.923604
4149	0.923624
4155	0.923644
4162	0.923664
4165	0.923684
4166	0.923704
4172	0.923724
4178	0.923744
4189	0.923784
4194	0.923804
4209	0.923824
4212	0.923844
4214	0.923864
4225	0.923884
4236	0.923924
4240	0.923944
4241	0.923984
4242	0.924024
4247	0.924044
4253	0.924064
4267	0.924124
4268	0.924144
4270	0.924164
4273	0.924204
4275	0.924224
4285	0.924244
4286	0.924264
4287	0.924284
4288	0.924344
4294	0.924364
4295	0.924404
4296	0.924444
4300	0.924464
4310	0.924484
4312	0.924504
4323	0.924524
4324	0.924544
4326	0.924564
4329	0.924604
4330	0.924624
4333	0.924644
4334	0.924664
4337	0.924684
4338	0.924724
4342	0.924744
4346	0.924764
4365	0.924784
4382	0.924804
4384	0.924824
4385	0.924844
4388	0.924864
4389	0.924884
4391	0.924904
4392	0.924924
4394	0.924944
4397	0.924964
4400	0.924984
4405	0.925003
4407	0.925023
4409	0.925043
4413	0.925063
4417	0.925083
4425	0.925103
4429	0.925123
4435	0.925143
4438	0.925163
4439	0.925183
4457	0.925203
4458	0.925223
4470	0.925243
4471	0.925263
4472	0.925283
4479	0.925303
4482	0.925323
4489	0.925343
4490	0.925363
4494	0.925383
4503	0.925403
4504	0.925423
4507	0.925443
4508	0.925463
4511	0.925483
4514	0.925503
4526	0.925523
4534	0.925543
4543	0.925603
4544	0.925623
4545	0.925643
4548	0.925663
4550	0.925683
4553	0.925703
4557	0.925723
4559	0.925743
4561	0.925763
4562	0.925783
4578	0.925803
4582	0.925823
4583	0.925843
4605	0.925863
4606	0.925883
4611	0.925903
4619	0.925923
4626	0.925943
4630	0.925963
4631	0.925983
4636	0.926003
4640	0.926023
4652	0.926043
4659	0.926063
4665	0.926083
4666	0.926123
4667	0.926143
4671	0.926163
4680	0.926183
4699	0.926203
4703	0.926223
4705	0.926243
4709	0.926263
4714	0.926283
4715	0.926303
4717	0.926323
4726	0.926343
4728	0.926363
4730	0.926383
4733	0.926403
4747	0.926423
4751	0.926443
4762	0.926463
4763	0.926483
4774	0.926503
4778	0.926523
4794	0.926543
4796	0.926583
4812	0.926623
4813	0.926663
4814	0.926683
4816	0.926703
4823	0.926723
4824	0.926742
4831	0.926762
4834	0.926782
4836	0.926802
4846	0.926822
4849	0.926862
4851	0.926882
4854	0.926902
4864	0.926922
4869	0.926942
4876	0.926962
4877	0.926982
4885	0.927002
4886	0.927022
4888	0.927042
4896	0.927062
4897	0.927102
4898	0.927122
4899	0.927142
4900	0.927162
4910	0.927182
4912	0.927202
4916	0.927222
4920	0.927242
4923	0.927282
4925	0.927302
4932	0.927322
4944	0.927342
4946	0.927362
4953	0.927382
4954	0.927402
4958	0.927422
4959	0.927442
4979	0.927482
4987	0.927502
4990	0.927522
4997	0.927542
4999	0.927562
5020	0.927582
5025	0.927602
5028	0.927622
5029	0.927642
5037	0.927662
5039	0.927682
5041	0.927702
5042	0.927722
5044	0.927742
5049	0.927762
5051	0.927782
5055	0.927822
5057	0.927842
5061	0.927862
5063	0.927882
5065	0.927902
5072	0.927922
5078	0.927942
5085	0.927962
5104	0.927982
5114	0.928002
5121	0.928022
5122	0.928042
5125	0.928062
5127	0.928082
5128	0.928102
5133	0.928122
5140	0.928142
5141	0.928162
5146	0.928222
5147	0.928262
5149	0.928282
5152	0.928302
5154	0.928322
5156	0.928342
5157	0.928362
5169	0.928382
5178	0.928402
5179	0.928422
5181	0.928442
5185	0.928461
5186	0.928481
5190	0.928501
5195	0.928521
5197	0.928541
5199	0.928561
5204	0.928581
5211	0.928601
5214	0.928621
5220	0.928661
5221	0.928681
5223	0.928701
5226	0.928721
5227	0.928741
5228	0.928761
5236	0.928781
5238	0.928801
5241	0.928821
5246	0.928841
5247	0.928861
5248	0.928881
5249	0.928901
5250	0.928921
5254	0.928941
5258	0.928961
5261	0.929001
5264	0.929021
5270	0.929041
5278	0.929061
5279	0.929081
5283	0.929101
5317	0.929121
5319	0.929141
5320	0.929161
5321	0.929181
5332	0.929201
5342	0.929221
5343	0.929241
5344	0.929261
5348	0.929301
5359	0.929321
5360	0.929361
5367	0.929381
5373	0.929401
5379	0.929421
5380	0.929441
5382	0.929461
5409	0.929501
5410	0.929541
5411	0.929561
5413	0.929581
5415	0.929601
5417	0.929621
5422	0.929661
5423	0.929701
5427	0.929721
5433	0.929741
5445	0.929761
5446	0.929781
5450	0.929801
5452	0.929841
5453	0.929861
5459	0.929881
5471	0.929901
5475	0.929921
5483	0.929941
5500	0.929961
5501	0.929981
5504	0.930001
5510	0.930041
5512	0.930061
5513	0.930081
5515	0.930101
5526	0.930121
5528	0.930141
5555	0.930161
5567	0.930200
5574	0.930220
5575	0.930240
5583	0.930260
5592	0.930280
5594	0.930300
5607	0.930320
5616	0.930340
5618	0.930360
5623	0.930380
5635	0.930400
5639	0.930440
5641	0.930460
5649	0.930500
5654	0.930520
5658	0.930540
5678	0.930560
5684	0.930580
5685	0.930600
5686	0.930640
5687	0.930660
5688	0.930700
5697	0.930720
5698	0.930740
5713	0.930760
5715	0.930780
5716	0.930800
5718	0.930820
5727	0.930840
5734	0.930860
5739	0.930900
5769	0.930940
5782	0.930960
5786	0.930980
5788	0.931000
5799	0.931020
5801	0.931040
5804	0.931060
5811	0.931080
5813	0.931100
5815	0.931120
5818	0.931140
5819	0.931160
5822	0.931180
5825	0.931200
5834	0.931220
5838	0.931240
5848	0.931260
5855	0.931280
5856	0.931300
5861	0.931320
5862	0.931340
5863	0.931360
5865	0.931400
5873	0.931420
5874	0.931440
5887	0.931460
5895	0.931500
5902	0.931520
5905	0.931540
5907	0.931580
5910	0.931600
5935	0.931620
5938	0.931640
5944	0.931660
5954	0.931680
5961	0.931700
5969	0.931720
5982	0.931740
5986	0.931800
5987	0.931820
6012	0.931840
6020	0.931860
6025	0.931880
6027	0.931899
6036	0.931919
6042	0.931939
6048	0.931959
6061	0.931979
6063	0.931999
6065	0.932019
6070	0.932039
6073	0.932059
6075	0.932079
6086	0.932099
6092	0.932119
6094	0.932139
6101	0.932159
6104	0.932179
6109	0.932199
6114	0.932219
6116	0.932239
6126	0.932259
6127	0.932279
6131	0.932299
6136	0.932319
6143	0.932339
6147	0.932359
6155	0.932379
6165	0.932399
6166	0.932419
6185	0.932439
6187	0.932459
6188	0.932479
6191	0.932499
6201	0.932519
6202	0.932539
6204	0.932559
6211	0.932579
6212	0.932599
6213	0.932619
6216	0.932639
6224	0.932659
6234	0.932679
6235	0.932699
6238	0.932719
6244	0.932739
6249	0.932759
6250	0.932779
6253	0.932799
6264	0.932819
6267	0.932839
6268	0.932859
6287	0.932879
6290	0.932919
6295	0.932939
6308	0.932959
6312	0.932979
6314	0.932999
6319	0.933019
6323	0.933039
6325	0.933059
6326	0.933079
6352	0.933099
6353	0.933119
6362	0.933139
6374	0.933159
6379	0.933179
6386	0.933199
6390	0.933219
6400	0.933239
6402	0.933259
6408	0.933279
6409	0.933299
6410	0.933339
6414	0.933359
6440	0.933379
6459	0.933399
6461	0.933419
6479	0.933439
6481	0.933459
6504	0.933479
6508	0.933499
6510	0.933519
6518	0.933539
6522	0.933559
6526	0.933579
6529	0.933599
6531	0.933619
6543	0.933638
6545	0.933658
6546	0.933678
6547	0.933698
6549	0.933718
6562	0.933738
6569	0.933758
6570	0.933778
6577	0.933798
6580	0.933838
6586	0.933858
6592	0.933878
6594	0.933898
6600	0.933918
6605	0.933938
6618	0.933958
6620	0.933978
6623	0.933998
6642	0.934018
6649	0.934038
6656	0.934058
6657	0.934078
6673	0.934118
6682	0.934138
6684	0.934178
6692	0.934198
6708	0.934218
6710	0.934238
6711	0.934258
6713	0.934278
6719	0.934298
6723	0.934318
6727	0.934338
6729	0.934358
6732	0.934378
6734	0.934398
6742	0.934418
6749	0.934438
6762	0.934458
6778	0.934478
6782	0.934518
6791	0.934538
6796	0.934558
6804	0.934578
6806	0.934598
6821	0.934618
6823	0.934638
6827	0.934658
6839	0.934678
6842	0.934698
6847	0.934718
6874	0.934738
6877	0.934758
6887	0.934778
6888	0.934818
6893	0.934838
6911	0.934858
6916	0.934878
6926	0.934898
6931	0.934918
6938	0.934938
6941	0.934958
6944	0.934998
6955	0.935018
6959	0.935038
6961	0.935058
6964	0.935078
6966	0.935098
6975	0.935118
6976	0.935138
6979	0.935158
6989	0.935178
6996	0.935218
7013	0.935238
7015	0.935258
7021	0.935278
7033	0.935298
7036	0.935318
7049	0.935338
7060	0.935357
7064	0.935377
7110	0.935397
7130	0.935417
7134	0.935437
7139	0.935477
7161	0.935497
7164	0.935517
7167	0.935537
7184	0.935557
7186	0.935577
7187	0.935597
7195	0.935617
7213	0.935637
7214	0.935657
7222	0.935677
7226	0.935697
7231	0.935717
7236	0.935737
7240	0.935757
7242	0.935777
7249	0.935797
7265	0.935837
7269	0.935857
7287	0.935877
7290	0.935897
7293	0.935917
7336	0.935937
7353	0.935957
7358	0.935977
7364	0.935997
7366	0.936037
7377	0.936057
7383	0.936077
7393	0.936097
7400	0.936117
7406	0.936137
7436	0.936157
7442	0.936177
7443	0.936197
7445	0.936217
7454	0.936237
7463	0.936257
7475	0.936277
7478	0.936297
7479	0.936317
7493	0.936337
7510	0.936357
7519	0.936377
7526	0.936397
7538	0.936417
7560	0.936437
7564	0.936457
7569	0.936477
7575	0.936517
7582	0.936537
7583	0.936557
7584	0.936577
7588	0.936597
7591	0.936617
7610	0.936637
7612	0.936657
7615	0.936677
7620	0.936697
7626	0.936717
7627	0.936737
7630	0.936757
7644	0.936777
7655	0.936797
7666	0.936837
7675	0.936857
7688	0.936877
7692	0.936897
7695	0.936917
7704	0.936937
7705	0.936957
7715	0.936977
7716	0.936997
7732	0.937017
7753	0.937037
7756	0.937057
7758	0.937096
7770	0.937116
7775	0.937136
7779	0.937156
7781	0.937176
7786	0.937196
7787	0.937216
7789	0.937236
7808	0.937256
7811	0.937276
7812	0.937296
7820	0.937316
7827	0.937336
7828	0.937356
7831	0.937376
7835	0.937396
7851	0.937416
7858	0.937436
7859	0.937456
7869	0.937476
7883	0.937496
7902	0.937516
7918	0.937536
7933	0.937556
7949	0.937576
7950	0.937596
7964	0.937616
8000	0.937636
8004	0.937656
8018	0.937676
8021	0.937696
8023	0.937716
8037	0.937736
8046	0.937756
8054	0.937776
8056	0.937796
8061	0.937816
8079	0.937836
8090	0.937856
8133	0.937896
8138	0.937916
8143	0.937936
8159	0.937956
8162	0.937976
8165	0.937996
8168	0.938016
8185	0.938036
8203	0.938056
8207	0.938076
8213	0.938096
8215	0.938116
8220	0.938136
8231	0.938156
8244	0.938176
8249	0.938196
8255	0.938216
8262	0.938236
8266	0.938256
8281	0.938276
8290	0.938296
8300	0.938316
8305	0.938336
8313	0.938356
8317	0.938376
8333	0.938396
8334	0.938416
8336	0.938436
8340	0.938476
8341	0.938496
8356	0.938516
8367	0.938536
8373	0.938556
8374	0.938576
8378	0.938596
8379	0.938616
8388	0.938636
8395	0.938656
8409	0.938676
8412	0.938696
8450	0.938716
8451	0.938736
8458	0.938756
8459	0.938776
8460	0.938795
8465	0.938815
8470	0.938835
8473	0.938855
8477	0.938875
8480	0.938895
8491	0.938915
8495	0.938935
8498	0.938955
8500	0.938975
8501	0.938995
8507	0.939015
8530	0.939035
8567	0.939055
8580	0.939075
8594	0.939095
8606	0.939115
8617	0.939135
8633	0.939155
8635	0.939175
8642	0.939195
8649	0.939215
8652	0.939235
8668	0.939255
8674	0.939275
8689	0.939295
8691	0.939315
8692	0.939335
8710	0.939355
8713	0.939375
8726	0.939395
8733	0.939435
8740	0.939455
8752	0.939475
8784	0.939495
8812	0.939515
8817	0.939535
8829	0.939555
8837	0.939575
8861	0.939595
8878	0.939635
8880	0.939655
8886	0.939675
8889	0.939695
8891	0.939715
8902	0.939735
8907	0.939755
8919	0.939775
8920	0.939795
8924	0.939815
8962	0.939835
8980	0.939855
8985	0.939875
8991	0.939895
9017	0.939915
9020	0.939935
9026	0.939955
9034	0.939975
9035	0.939995
9038	0.940015
9052	0.940035
9082	0.940055
9105	0.940075
9107	0.940115
9108	0.940135
9138	0.940155
9142	0.940175
9150	0.940215
9157	0.940235
9160	0.940255
9163	0.940275
9171	0.940295
9183	0.940315
9195	0.940335
9207	0.940355
9230	0.940375
9245	0.940395
9254	0.940415
9256	0.940435
9258	0.940455
9267	0.940475
9287	0.940495
9298	0.940515
9330	0.940534
9333	0.940554
9354	0.940594
9357	0.940614
9359	0.940634
9366	0.940654
9398	0.940674
9407	0.940694
9418	0.940714
9423	0.940734
9455	0.940754
9489	0.940774
9528	0.940794
9529	0.940814
9531	0.940834
9543	0.940854
9549	0.940874
9572	0.940894
9592	0.940934
9607	0.940954
9608	0.940974
9613	0.940994
9615	0.941014
9617	0.941034
9624	0.941054
9633	0.941074
9638	0.941094
9639	0.941114
9643	0.941134
9655	0.941154
9660	0.941174
9677	0.941194
9697	0.941214
9706	0.941234
9715	0.941254
9716	0.941274
9720	0.941294
9725	0.941334
9759	0.941354
9764	0.941374
9777	0.941394
9783	0.941414
9785	0.941434
9788	0.941454
9790	0.941474
9792	0.941494
9804	0.941514
9808	0.941534
9832	0.941554
9847	0.941574
9849	0.941594
9858	0.941614
9871	0.941634
9897	0.941654
9909	0.941674
9915	0.941694
9916	0.941714
9922	0.941734
9932	0.941754
9939	0.941774
9954	0.941794
9966	0.941814
9989	0.941834
10013	0.941854
10014	0.941874
10023	0.941894
10025	0.941914
10058	0.941934
10073	0.941954
10083	0.941974
10087	0.941994
10115	0.942014
10136	0.942054
10146	0.942074
10148	0.942094
10160	0.942114
10180	0.942134
10214	0.942154
10218	0.942174
10225	0.942194
10258	0.942214
10273	0.942234
10276	0.942273
10281	0.942293
10286	0.942313
10312	0.942333
10316	0.942353
10324	0.942373
10340	0.942393
10342	0.942413
10349	0.942433
10359	0.942453
10375	0.942473
10384	0.942493
10387	0.942513
10390	0.942533
10404	0.942553
10419	0.942573
10432	0.942593
10440	0.942613
10448	0.942633
10452	0.942653
10479	0.942673
10491	0.942693
10498	0.942713
10518	0.942733
10519	0.942753
10550	0.942773
10566	0.942813
10573	0.942833
10593	0.942853
10613	0.942873
10616	0.942893
10623	0.942913
10629	0.942933
10636	0.942953
10637	0.942973
10687	0.942993
10725	0.943013
10742	0.943033
10744	0.943053
10745	0.943073
10747	0.943093
10748	0.943113
10765	0.943153
10808	0.943173
10837	0.943193
10841	0.943213
10845	0.943233
10846	0.943253
10860	0.943273
10861	0.943293
10862	0.943313
10865	0.943333
10873	0.943353
10882	0.943373
10887	0.943393
10898	0.943413
10908	0.943433
10917	0.943453
10921	0.943473
10929	0.943493
10937	0.943513
10955	0.943533
10979	0.943553
10984	0.943573
10988	0.943593
10990	0.943613
10999	0.943633
11034	0.943653
11043	0.943673
11060	0.943693
11071	0.943713
11081	0.943733
11129	0.943753
11141	0.943773
11144	0.943793
11153	0.943813
11182	0.943833
11201	0.943853
11228	0.943873
11232	0.943893
11244	0.943913
11247	0.943933
11259	0.943953
11269	0.943972
11290	0.943992
11298	0.944012
11309	0.944032
11314	0.944052
11321	0.944072
11323	0.944092
11328	0.944112
11343	0.944132
11344	0.944152
11386	0.944172
11423	0.944192
11435	0.944212
11436	0.944232
11467	0.944252
11474	0.944272
11500	0.944292
11506	0.944312
11508	0.944332
11509	0.944352
11513	0.944372
11522	0.944392
11529	0.944412
11531	0.944432
11546	0.944452
11551	0.944472
11556	0.944492
11562	0.944512
11567	0.944532
11605	0.944552
11616	0.944572
11628	0.944592
11632	0.944612
11637	0.944632
11649	0.944652
11671	0.944672
11701	0.944692
11712	0.944712
11738	0.944732
11757	0.944752
11758	0.944772
11784	0.944792
11796	0.944812
11820	0.944832
11824	0.944852
11849	0.944872
11858	0.944892
11907	0.944912
11920	0.944932
11936	0.944952
11938	0.944972
12008	0.944992
12012	0.945012
12026	0.945032
12031	0.945052
12060	0.945072
12090	0.945092
12093	0.945112
12107	0.945132
12110	0.945152
12126	0.945172
12159	0.945192
12163	0.945212
12192	0.945232
12205	0.945252
12243	0.945272
12246	0.945292
12258	0.945312
12264	0.945332
12270	0.945352
12285	0.945372
12298	0.945392
12309	0.945412
12313	0.945432
12314	0.945452
12323	0.945472
12326	0.945492
12341	0.945512
12349	0.945532
12355	0.945552
12361	0.945572
12362	0.945592
12365	0.945612
12368	0.945632
12394	0.945652
12396	0.945672
12421	0.945691
12430	0.945711
12446	0.945731
12490	0.945751
12497	0.945771
12503	0.945791
12508	0.945811
12516	0.945831
12535	0.945851
12545	0.945871
12581	0.945891
12595	0.945911
12645	0.945931
12651	0.945951
12655	0.945971
12678	0.945991
12695	0.946011
12705	0.946031
12708	0.946051
12731	0.946071
12735	0.946091
12740	0.946111
12746	0.946131
12756	0.946151
12809	0.946171
12838	0.946191
12846	0.946211
12861	0.946231
12867	0.946251
12875	0.946271
12881	0.946291
12882	0.946311
12887	0.946331
12906	0.946351
12911	0.946371
12923	0.946391
12936	0.946411
12965	0.946431
13029	0.946451
13039	0.946471
13047	0.946491
13089	0.946511
13107	0.946531
13127	0.946551
13139	0.946571
13150	0.946611
13200	0.946631
13214	0.946651
13245	0.946671
13252	0.946691
13266	0.946711
13269	0.946731
13296	0.946751
13300	0.946771
13312	0.946791
13328	0.946811
13349	0.946831
13352	0.946851
13377	0.946871
13391	0.946891
13392	0.946911
13410	0.946931
13411	0.946951
13412	0.946971
13424	0.947011
13440	0.947051
13472	0.947071
13523	0.947091
13552	0.947111
13570	0.947131
13573	0.947151
13592	0.947171
13593	0.947191
13608	0.947211
13613	0.947231
13615	0.947251
13625	0.947271
13627	0.947291
13644	0.947311
13696	0.947331
13720	0.947351
13778	0.947371
13795	0.947391
13811	0.947411
13833	0.947430
13839	0.947450
13850	0.947470
13878	0.947490
13930	0.947510
13931	0.947530
13938	0.947550
13960	0.947570
13975	0.947590
14004	0.947610
14021	0.947630
14029	0.947650
14136	0.947670
14142	0.947690
14152	0.947710
14153	0.947730
14172	0.947750
14183	0.947770
14189	0.947790
14215	0.947810
14313	0.947830
14314	0.947850
14333	0.947870
14340	0.947890
14350	0.947910
14364	0.947930
14379	0.947950
14381	0.947970
14384	0.947990
14400	0.948010
14421	0.948030
14460	0.948050
14475	0.948070
14479	0.948090
14506	0.948110
14509	0.948130
14517	0.948150
14524	0.948170
14539	0.948190
14567	0.948210
14590	0.948230
14591	0.948250
14609	0.948270
14620	0.948290
14636	0.948310
14644	0.948330
14653	0.948350
14687	0.948370
14712	0.948390
14725	0.948410
14727	0.948430
14747	0.948450
14802	0.948470
14804	0.948490
14820	0.948510
14830	0.948530
14843	0.948550
14851	0.948570
14853	0.948590
14868	0.948610
14925	0.948630
14942	0.948650
14957	0.948670
14958	0.948690
14999	0.948710
15001	0.948730
15003	0.948750
15025	0.948770
15027	0.948790
15042	0.948810
15135	0.948830
15139	0.948850
15143	0.948870
15164	0.948890
15172	0.948910
15195	0.948930
15199	0.948950
15209	0.948970
15273	0.948990
15319	0.949010
15361	0.949030
15367	0.949050
15376	0.949070
15402	0.949090
15420	0.949110
15425	0.949130
15436	0.949149
15457	0.949169
15464	0.949189
15528	0.949209
15537	0.949229
15563	0.949249
15603	0.949269
15617	0.949289
15618	0.949309
15621	0.949329
15631	0.949349
15646	0.949369
15679	0.949389
15693	0.949409
15701	0.949429
15708	0.949449
15729	0.949469
15755	0.949489
15796	0.949509
15809	0.949529
15812	0.949549
15866	0.949569
15868	0.949589
15907	0.949609
15922	0.949629
15962	0.949649
15995	0.949669
16002	0.949689
16011	0.949709
16018	0.949729
16029	0.949749
16045	0.949769
16052	0.949789
16057	0.949809
16070	0.949829
16097	0.949849
16103	0.949869
16118	0.949889
16130	0.949909
16141	0.949929
16152	0.949949
16181	0.949969
16198	0.949989
16212	0.950009
16225	0.950029
16309	0.950049
16330	0.950069
16342	0.950089
16403	0.950129
16417	0.950149
16455	0.950169
16481	0.950189
16503	0.950209
16508	0.950229
16546	0.950249
16547	0.950269
16571	0.950289
16623	0.950309
16670	0.950329
16688	0.950349
16691	0.950369
16715	0.950389
16740	0.950409
16755	0.950429
16813	0.950449
16886	0.950469
16903	0.950489
16907	0.950509
16916	0.950529
16926	0.950549
16927	0.950569
16960	0.950589
16969	0.950609
16983	0.950629
16998	0.950649
17026	0.950669
17130	0.950689
17139	0.950709
17148	0.950729
17156	0.950749
17178	0.950789
17195	0.950809
17197	0.950829
17214	0.950849
17234	0.950868
17242	0.950888
17265	0.950908
17365	0.950928
17386	0.950948
17393	0.950968
17433	0.950988
17446	0.951008
17479	0.951028
17488	0.951048
17492	0.951068
17506	0.951088
17547	0.951108
17577	0.951128
17610	0.951148
17879	0.951168
17892	0.951188
17925	0.951208
17927	0.951228
17928	0.951248
17959	0.951268
17996	0.951288
18018	0.951308
18037	0.951328
18050	0.951348
18082	0.951368
18120	0.951388
18128	0.951408
18167	0.951428
18179	0.951448
18238	0.951468
18241	0.951488
18270	0.951508
18303	0.951528
18333	0.951548
18334	0.951568
18339	0.951588
18364	0.951608
18398	0.951628
18400	0.951648
18412	0.951668
18421	0.951688
18460	0.951708
18464	0.951728
18468	0.951748
18549	0.951768
18590	0.951788
18645	0.951808
18685	0.951828
18758	0.951848
18771	0.951868
18821	0.951888
18844	0.951908
18854	0.951928
18875	0.951948
18885	0.951968
18894	0.951988
18907	0.952008
18982	0.952028
19010	0.952048
19016	0.952068
19051	0.952088
19086	0.952108
19110	0.952128
19160	0.952148
19179	0.952168
19191	0.952208
19265	0.952228
19292	0.952248
19296	0.952268
19298	0.952288
19318	0.952308
19352	0.952328
19370	0.952348
19398	0.952368
19415	0.952388
19425	0.952408
19445	0.952428
19451	0.952448
19463	0.952468
19468	0.952488
19469	0.952508
19479	0.952528
19506	0.952548
19543	0.952568
19591	0.952587
19593	0.952607
19671	0.952627
19680	0.952647
19689	0.952667
19713	0.952687
19721	0.952707
19758	0.952727
19763	0.952747
19864	0.952767
19930	0.952787
19931	0.952807
19934	0.952827
19962	0.952847
20006	0.952867
20014	0.952887
20028	0.952907
20040	0.952927
20041	0.952947
20050	0.952967
20059	0.952987
20098	0.953007
20114	0.953027
20184	0.953047
20268	0.953067
20272	0.953087
20273	0.953107
20285	0.953127
20288	0.953147
20291	0.953167
20334	0.953187
20337	0.953207
20361	0.953227
20384	0.953247
20389	0.953267
20408	0.953287
20495	0.953307
20516	0.953327
20564	0.953347
20573	0.953367
20638	0.953387
20707	0.953407
20730	0.953427
20770	0.953447
20783	0.953467
20796	0.953487
20824	0.953507
20860	0.953527
20873	0.953547
20999	0.953567
21001	0.953587
21008	0.953607
21038	0.953627
21049	0.953647
21144	0.953667
21145	0.953687
21166	0.953707
21167	0.953727
21180	0.953747
21232	0.953767
21238	0.953787
21244	0.953807
21249	0.953827
21253	0.953847
21256	0.953867
21257	0.953887
21305	0.953907
21331	0.953927
21342	0.953947
21414	0.953967
21452	0.953987
21470	0.954007
21480	0.954027
21584	0.954047
21606	0.954067
21629	0.954087
21631	0.954107
21637	0.954127
21660	0.954147
21692	0.954167
21741	0.954187
21756	0.954207
21765	0.954227
21800	0.954247
21836	0.954267
21840	0.954287
21876	0.954307
21879	0.954326
21915	0.954346
21939	0.954366
22001	0.954386
22002	0.954406
22020	0.954426
22027	0.954446
22063	0.954466
22102	0.954486
22250	0.954526
22254	0.954546
22281	0.954566
22283	0.954586
22298	0.954606
22323	0.954646
22361	0.954666
22446	0.954686
22495	0.954706
22502	0.954726
22542	0.954746
22555	0.954766
22559	0.954786
22564	0.954806
22572	0.954826
22585	0.954846
22592	0.954866
22630	0.954886
22660	0.954906
22687	0.954926
22741	0.954946
22762	0.954966
22797	0.954986
22802	0.955006
22851	0.955026
22861	0.955046
22899	0.955066
22907	0.955086
23007	0.955106
23037	0.955126
23119	0.955146
23124	0.955166
23162	0.955186
23163	0.955206
23184	0.955226
23237	0.955246
23249	0.955266
23303	0.955286
23312	0.955306
23324	0.955326
23389	0.955346
23419	0.955366
23432	0.955386
23474	0.955406
23491	0.955426
23495	0.955446
23535	0.955466
23537	0.955486
23783	0.955526
23787	0.955546
23848	0.955566
23857	0.955586
23859	0.955606
23873	0.955626
23884	0.955646
23891	0.955666
23976	0.955686
23981	0.955706
23996	0.955726
24058	0.955746
24110	0.955766
24131	0.955786
24194	0.955806
24284	0.955826
24392	0.955846
24402	0.955866
24454	0.955886
24541	0.955906
24554	0.955926
24587	0.955946
24602	0.955966
24671	0.955986
24708	0.956006
24715	0.956026
24741	0.956045
24803	0.956065
24879	0.956085
24882	0.956105
24894	0.956125
24914	0.956145
24983	0.956165
25000	0.956185
25002	0.956205
25003	0.956225
25009	0.956245
25031	0.956265
25051	0.956305
25053	0.956325
25086	0.956345
25303	0.956365
25355	0.956385
25358	0.956405
25362	0.956425
25367	0.956445
25457	0.956465
25472	0.956485
25516	0.956505
25538	0.956525
25593	0.956545
25597	0.956565
25609	0.956585
25652	0.956625
25670	0.956645
25696	0.956665
25706	0.956705
25715	0.956725
25726	0.956745
25727	0.956765
25729	0.956785
25760	0.956805
25822	0.956825
25898	0.956845
25901	0.956865
26086	0.956885
26118	0.956905
26215	0.956925
26331	0.956945
26408	0.956965
26461	0.956985
26511	0.957005
26518	0.957025
26587	0.957045
26612	0.957065
26616	0.957085
26639	0.957105
26715	0.957125
26731	0.957145
26772	0.957165
26828	0.957185
26852	0.957225
26876	0.957245
26903	0.957265
26964	0.957285
26981	0.957305
27055	0.957325
27170	0.957345
27191	0.957365
27192	0.957385
27216	0.957405
27234	0.957425
27279	0.957445
27324	0.957465
27354	0.957485
27386	0.957505
27417	0.957525
27462	0.957545
27506	0.957565
27653	0.957585
27731	0.957605
27746	0.957625
27767	0.957645
27883	0.957665
27922	0.957685
27946	0.957705
27991	0.957725
28030	0.957764
28038	0.957784
28117	0.957804
28281	0.957824
28484	0.957844
28519	0.957864
28571	0.957884
28580	0.957904
28609	0.957924
28663	0.957944
28721	0.957964
28741	0.958004
28780	0.958024
28789	0.958044
28852	0.958064
28882	0.958084
28928	0.958104
28949	0.958124
28973	0.958144
28982	0.958164
29060	0.958184
29121	0.958204
29141	0.958224
29161	0.958244
29164	0.958264
29165	0.958284
29208	0.958304
29231	0.958324
29259	0.958344
29274	0.958364
29288	0.958384
29314	0.958404
29336	0.958424
29340	0.958444
29370	0.958464
29426	0.958484
29530	0.958504
29549	0.958524
29561	0.958544
29685	0.958564
29733	0.958584
29846	0.958604
29933	0.958624
30146	0.958644
30158	0.958664
30247	0.958684
30267	0.958704
30372	0.958724
30384	0.958744
30411	0.958764
30449	0.958784
30489	0.958804
30525	0.958824
30582	0.958844
30641	0.958864
30725	0.958884
30758	0.958904
30845	0.958924
30850	0.958944
30867	0.958964
30945	0.958984
31062	0.959004
31096	0.959024
31123	0.959044
31201	0.959064
31263	0.959084
31381	0.959104
31457	0.959124
31597	0.959144
31640	0.959164
31659	0.959184
31871	0.959204
31918	0.959224
31922	0.959244
32005	0.959264
32007	0.959284
32074	0.959304
32126	0.959324
32181	0.959344
32301	0.959364
32308	0.959384
32321	0.959404
32335	0.959424
32349	0.959444
32359	0.959464
32491	0.959483
32610	0.959503
32631	0.959523
32647	0.959543
32660	0.959563
32717	0.959583
32725	0.959603
32766	0.959623
32857	0.959643
32966	0.959663
33008	0.959683
33049	0.959703
33142	0.959723
33247	0.959743
33258	0.959763
33323	0.959783
33382	0.959803
33462	0.959823
33495	0.959843
33524	0.959863
33560	0.959883
33563	0.959903
33564	0.959923
33578	0.959943
33686	0.959963
33687	0.959983
33705	0.960003
33718	0.960023
33723	0.960043
33748	0.960063
33787	0.960083
33896	0.960103
33961	0.960123
34032	0.960143
34116	0.960163
34121	0.960183
34190	0.960203
34266	0.960223
34323	0.960243
34450	0.960263
34527	0.960283
34549	0.960303
34576	0.960323
34631	0.960343
34642	0.960363
34662	0.960383
34721	0.960403
34784	0.960423
34896	0.960443
34905	0.960463
34945	0.960483
34982	0.960503
35025	0.960523
35028	0.960543
35039	0.960563
35116	0.960583
35156	0.960603
35191	0.960623
35354	0.960643
35370	0.960663
35377	0.960683
35384	0.960703
35393	0.960723
35578	0.960743
35582	0.960763
35637	0.960783
35667	0.960803
35682	0.960823
35686	0.960843
35734	0.960863
35798	0.960883
35813	0.960903
35852	0.960923
36002	0.960943
36048	0.960963
36104	0.960983
36189	0.961003
36191	0.961023
36195	0.961043
36211	0.961063
36220	0.961083
36233	0.961103
36246	0.961123
36329	0.961143
36333	0.961163
36377	0.961183
36390	0.961203
36491	0.961222
36492	0.961242
36540	0.961262
36544	0.961282
36613	0.961302
36646	0.961322
36648	0.961342
36688	0.961362
36853	0.961382
36911	0.961402
36958	0.961422
37094	0.961442
37246	0.961462
37310	0.961502
37425	0.961522
37445	0.961542
37450	0.961562
37527	0.961582
37610	0.961602
37614	0.961622
37710	0.961642
37723	0.961662
37777	0.961682
38064	0.961702
38077	0.961722
38099	0.961742
38173	0.961762
38199	0.961782
38344	0.961802
38369	0.961822
38498	0.961842
38521	0.961862
38574	0.961882
38578	0.961902
38658	0.961922
38855	0.961942
38871	0.961962
39050	0.961982
39115	0.962002
39116	0.962022
39131	0.962042
39187	0.962062
39253	0.962082
39261	0.962102
39278	0.962122
39454	0.962142
39469	0.962162
39490	0.962182
39495	0.962202
39533	0.962222
39547	0.962242
39747	0.962262
39816	0.962282
39857	0.962302
40163	0.962322
40257	0.962342
40406	0.962362
40540	0.962382
40716	0.962402
41069	0.962422
41139	0.962442
41188	0.962462
41205	0.962482
41313	0.962502
41328	0.962522
41440	0.962542
41505	0.962562
41572	0.962582
41928	0.962602
42032	0.962622
42077	0.962642
42129	0.962662
42178	0.962682
42285	0.962702
42449	0.962722
42705	0.962742
42744	0.962762
42793	0.962782
42891	0.962802
42965	0.962822
43033	0.962842
43135	0.962862
43139	0.962882
43169	0.962902
43179	0.962922
43291	0.962941
43404	0.962961
43468	0.962981
43578	0.963001
43640	0.963021
43645	0.963041
43763	0.963061
43998	0.963081
44005	0.963101
44220	0.963121
44551	0.963141
44580	0.963161
44592	0.963181
44601	0.963201
44675	0.963221
44782	0.963241
44852	0.963261
44938	0.963281
45099	0.963301
45335	0.963321
45419	0.963341
45424	0.963361
45454	0.963381
45634	0.963401
45648	0.963421
45695	0.963441
45735	0.963461
46010	0.963481
46043	0.963501
46087	0.963521
46091	0.963541
46118	0.963561
46126	0.963581
46196	0.963601
46206	0.963621
46261	0.963641
46465	0.963661
46486	0.963681
46526	0.963701
46872	0.963721
46991	0.963741
47016	0.963761
47099	0.963781
47179	0.963801
47336	0.963821
47347	0.963841
47379	0.963861
47553	0.963881
47554	0.963901
47658	0.963921
47714	0.963941
47802	0.963961
47862	0.963981
47866	0.964001
47880	0.964021
47952	0.964041
47955	0.964061
48010	0.964081
48227	0.964101
48290	0.964121
48340	0.964141
48360	0.964161
48395	0.964181
48592	0.964201
48662	0.964221
48740	0.964241
48849	0.964261
48885	0.964281
48926	0.964301
48935	0.964321
49202	0.964341
49319	0.964381
49349	0.964401
49376	0.964421
49689	0.964441
49901	0.964461
49961	0.964481
50048	0.964501
50171	0.964521
50229	0.964541
50323	0.964561
50395	0.964581
50438	0.964601
50470	0.964621
50475	0.964641
50531	0.964660
50645	0.964680
50723	0.964700
50743	0.964720
51081	0.964740
51267	0.964760
51545	0.964780
51596	0.964800
51602	0.964820
51635	0.964840
51722	0.964860
51809	0.964880
51822	0.964900
51838	0.964920
51852	0.964940
51854	0.964960
51972	0.964980
51975	0.965000
52071	0.965020
52245	0.965040
52290	0.965060
52438	0.965080
52481	0.965100
52699	0.965120
52987	0.965140
52998	0.965160
53081	0.965180
53118	0.965200
53151	0.965220
53184	0.965240
53353	0.965260
53354	0.965280
53486	0.965300
53644	0.965320
53755	0.965340
53835	0.965360
53943	0.965380
53995	0.965400
54044	0.965420
54182	0.965440
54448	0.965460
54584	0.965480
54756	0.965500
54820	0.965520
55081	0.965540
55237	0.965560
55277	0.965580
55304	0.965600
55685	0.965620
55758	0.965640
56011	0.965660
56096	0.965680
56260	0.965700
56282	0.965720
56506	0.965740
56571	0.965760
56580	0.965780
56601	0.965800
56636	0.965820
56902	0.965840
57011	0.965860
57034	0.965880
57062	0.965900
57330	0.965920
57775	0.965940
57879	0.965960
57890	0.965980
57901	0.966000
57990	0.966020
58101	0.966040
58139	0.966060
58184	0.966080
58700	0.966120
58852	0.966140
58938	0.966160
58940	0.966180
58945	0.966200
59303	0.966220
59566	0.966240
59668	0.966260
59706	0.966280
59857	0.966300
60096	0.966320
60194	0.966340
60212	0.966360
60246	0.966379
60374	0.966399
60430	0.966419
60555	0.966439
60558	0.966459
60641	0.966479
60822	0.966499
60959	0.966519
60971	0.966539
60976	0.966559
61117	0.966579
61138	0.966599
61168	0.966619
61292	0.966639
61388	0.966659
61452	0.966679
61665	0.966699
61802	0.966719
61819	0.966739
61896	0.966759
61957	0.966779
62211	0.966799
62287	0.966819
62348	0.966839
62361	0.966859
62389	0.966879
62590	0.966899
62608	0.966919
62722	0.966939
62742	0.966959
62799	0.966979
62868	0.966999
62894	0.967019
62934	0.967039
63057	0.967059
63150	0.967079
63321	0.967099
63399	0.967119
63427	0.967159
63544	0.967179
63718	0.967199
63895	0.967219
63943	0.967239
64025	0.967259
64169	0.967279
64280	0.967299
64333	0.967319
64500	0.967339
64708	0.967359
64932	0.967379
65286	0.967399
65297	0.967419
65350	0.967439
65394	0.967459
65614	0.967479
65661	0.967499
65696	0.967519
65834	0.967539
65936	0.967559
66132	0.967579
66257	0.967599
66461	0.967619
66532	0.967639
66655	0.967659
66822	0.967679
66831	0.967699
67057	0.967719
67076	0.967739
67082	0.967759
67159	0.967779
67165	0.967799
67349	0.967819
67514	0.967839
67574	0.967859
68026	0.967879
68562	0.967899
68722	0.967919
68731	0.967939
68815	0.967959
69151	0.967979
69204	0.968019
69363	0.968039
69485	0.968059
69486	0.968079
69499	0.968099
69631	0.968118
69698	0.968138
69937	0.968158
70104	0.968178
70241	0.968198
70366	0.968218
70421	0.968238
70527	0.968258
70728	0.968278
71100	0.968298
71172	0.968318
71511	0.968338
71513	0.968358
71537	0.968378
71928	0.968398
72005	0.968418
72051	0.968438
72208	0.968478
72323	0.968498
72500	0.968518
72510	0.968538
72558	0.968558
72606	0.968578
72711	0.968598
73030	0.968618
73696	0.968638
73873	0.968658
73983	0.968678
74612	0.968698
74751	0.968718
74873	0.968738
74997	0.968758
74999	0.968778
75351	0.968798
75394	0.968818
75547	0.968838
75733	0.968858
75874	0.968878
76115	0.968898
76139	0.968918
76187	0.968938
76264	0.968958
76335	0.968978
76610	0.968998
76812	0.969018
76878	0.969038
76896	0.969058
76995	0.969078
77037	0.969098
77423	0.969118
77889	0.969138
78166	0.969158
78329	0.969178
78379	0.969198
78453	0.969218
78540	0.969238
78690	0.969258
78827	0.969278
79049	0.969298
79073	0.969318
79170	0.969338
79190	0.969358
79251	0.969378
79277	0.969398
79642	0.969418
80008	0.969438
80600	0.969458
81220	0.969478
81297	0.969498
81524	0.969518
81560	0.969538
81735	0.969558
81930	0.969578
81967	0.969598
82035	0.969618
82355	0.969638
82431	0.969658
82442	0.969678
82481	0.969698
82643	0.969718
83080	0.969738
83552	0.969758
83810	0.969778
83828	0.969798
83969	0.969818
84330	0.969837
84504	0.969857
84548	0.969877
84617	0.969897
84638	0.969917
84748	0.969937
85022	0.969957
85131	0.969977
85202	0.969997
85323	0.970017
85343	0.970037
85376	0.970057
85420	0.970077
85576	0.970097
85730	0.970117
85843	0.970137
86205	0.970157
86749	0.970177
86752	0.970197
86920	0.970217
87193	0.970237
87406	0.970257
87448	0.970277
87909	0.970297
87967	0.970317
88151	0.970337
88313	0.970357
88448	0.970377
88485	0.970397
88736	0.970417
88757	0.970437
89040	0.970457
89396	0.970477
89476	0.970497
89568	0.970517
89820	0.970537
90015	0.970557
90071	0.970577
90138	0.970597
90524	0.970617
90544	0.970637
90864	0.970657
90865	0.970677
91326	0.970697
91546	0.970717
91596	0.970737
91782	0.970757
92119	0.970777
92410	0.970797
93012	0.970817
93125	0.970837
93239	0.970857
93270	0.970877
93403	0.970897
93756	0.970917
93849	0.970937
94099	0.970957
94174	0.970977
94227	0.970997
94412	0.971017
94617	0.971037
94730	0.971057
95134	0.971077
95604	0.971097
95922	0.971117
96032	0.971137
96259	0.971157
96294	0.971177
96477	0.971197
96680	0.971217
96742	0.971237
97450	0.971257
97728	0.971277
98250	0.971297
98341	0.971317
98454	0.971337
98720	0.971357
98858	0.971377
98981	0.971397
99434	0.971417
99700	0.971437
100003	0.971457
100611	0.971477
100643	0.971497
100709	0.971517
100775	0.971537
101179	0.971556
101304	0.971576
101683	0.971596
102481	0.971616
102844	0.971636
103192	0.971656
103456	0.971676
103773	0.971696
103928	0.971716
104240	0.971736
104924	0.971756
105427	0.971776
105547	0.971796
106137	0.971816
106233	0.971836
106419	0.971856
106491	0.971876
106540	0.971896
106652	0.971916
106873	0.971936
106878	0.971956
107005	0.971976
107111	0.971996
107206	0.972016
107530	0.972036
107620	0.972056
107625	0.972076
107743	0.972096
107764	0.972116
107828	0.972136
107889	0.972156
107979	0.972176
108203	0.972196
108272	0.972216
108277	0.972236
108747	0.972256
108799	0.972276
108853	0.972296
109012	0.972316
109312	0.972336
109317	0.972356
109319	0.972376
109527	0.972396
109712	0.972416
110011	0.972436
110055	0.972456
110359	0.972476
110430	0.972496
110511	0.972516
110533	0.972536
111608	0.972556
111713	0.972576
112472	0.972596
112819	0.972616
113118	0.972636
113371	0.972656
113411	0.972676
113802	0.972696
113986	0.972716
114047	0.972736
114500	0.972756
114682	0.972776
115010	0.972796
115857	0.972816
115891	0.972836
115936	0.972856
116081	0.972876
116368	0.972896
116507	0.972916
117257	0.972936
117590	0.972956
117909	0.972976
117958	0.972996
117998	0.973016
118221	0.973036
118474	0.973056
119470	0.973076
120765	0.973096
121298	0.973116
122172	0.973136
122285	0.973156
122321	0.973176
122342	0.973196
122411	0.973216
123477	0.973236
124556	0.973256
125152	0.973276
125230	0.973295
125278	0.973315
125829	0.973335
125998	0.973355
126299	0.973375
127052	0.973395
127168	0.973415
127301	0.973435
127394	0.973455
127556	0.973475
127576	0.973495
128381	0.973515
128440	0.973535
129052	0.973555
130064	0.973575
130068	0.973595
131733	0.973615
132315	0.973635
132318	0.973655
132860	0.973675
132943	0.973695
133669	0.973715
134459	0.973735
134485	0.973755
134535	0.973775
134681	0.973795
134822	0.973815
134990	0.973835
135095	0.973855
136086	0.973875
136139	0.973895
136460	0.973915
136547	0.973935
136952	0.973955
137238	0.973975
137356	0.973995
137691	0.974015
137903	0.974035
138705	0.974055
138904	0.974075
138942	0.974095
139461	0.974115
139548	0.974135
141045	0.974155
141143	0.974175
141164	0.974195
141170	0.974215
141313	0.974235
141857	0.974255
141937	0.974275
142649	0.974295
143198	0.974315
143254	0.974335
143566	0.974355
143721	0.974375
144656	0.974395
144764	0.974415
144829	0.974435
145169	0.974455
145230	0.974475
145245	0.974495
145266	0.974515
145491	0.974535
145567	0.974555
145823	0.974575
145904	0.974595
147307	0.974615
147866	0.974635
148235	0.974655
149460	0.974675
150460	0.974695
151023	0.974715
151467	0.974735
151481	0.974755
151772	0.974775
152029	0.974795
152810	0.974815
152830	0.974835
152846	0.974855
153070	0.974875
153189	0.974895
153634	0.974915
153938	0.974935
155300	0.974955
155396	0.974975
155678	0.974995
155706	0.975014
155805	0.975034
155982	0.975054
157331	0.975074
157367	0.975094
157633	0.975114
157969	0.975134
158306	0.975154
158339	0.975174
158428	0.975194
158647	0.975214
159678	0.975234
160469	0.975254
160492	0.975274
160682	0.975294
161281	0.975314
161481	0.975334
161701	0.975354
162135	0.975374
162501	0.975394
164156	0.975414
164429	0.975434
166071	0.975454
167346	0.975474
167876	0.975494
168346	0.975514
168491	0.975534
168685	0.975554
169703	0.975574
170373	0.975594
171256	0.975614
171266	0.975634
171925	0.975654
172485	0.975674
172595	0.975694
172606	0.975714
173113	0.975734
173260	0.975754
173888	0.975774
174141	0.975794
174560	0.975814
175533	0.975834
175630	0.975854
176096	0.975874
176409	0.975894
176529	0.975914
176780	0.975934
177384	0.975954
177609	0.975974
177652	0.975994
177801	0.976014
177839	0.976034
178528	0.976054
178588	0.976074
178911	0.976094
178963	0.976114
180013	0.976134
180101	0.976154
180368	0.976174
181154	0.976194
181477	0.976214
181589	0.976234
181948	0.976254
182215	0.976274
182352	0.976294
183221	0.976314
183554	0.976334
185121	0.976354
185656	0.976374
186302	0.976394
186340	0.976414
186637	0.976434
188094	0.976454
188752	0.976474
190563	0.976494
190627	0.976514
190743	0.976534
191262	0.976554
192263	0.976574
192304	0.976594
193286	0.976614
194491	0.976634
194990	0.976654
195209	0.976674
195381	0.976694
196631	0.976714
197398	0.976733
197462	0.976753
198576	0.976773
199269	0.976793
199676	0.976813
200281	0.976833
200341	0.976853
200890	0.976873
201167	0.976893
201446	0.976913
201669	0.976933
202414	0.976953
202702	0.976973
203315	0.976993
204809	0.977013
204829	0.977033
205013	0.977053
206518	0.977073
207352	0.977093
207515	0.977113
207819	0.977133
208348	0.977153
208356	0.977173
208668	0.977193
208694	0.977213
208841	0.977233
208929	0.977253
208980	0.977273
209659	0.977293
209797	0.977313
211710	0.977333
212006	0.977353
212586	0.977373
213866	0.977393
214208	0.977413
216117	0.977433
216596	0.977453
216665	0.977473
216688	0.977493
216738	0.977513
216871	0.977533
217222	0.977553
217666	0.977573
217902	0.977593
218555	0.977613
218573	0.977633
218860	0.977653
218913	0.977673
221106	0.977693
221507	0.977713
221614	0.977733
221825	0.977753
221870	0.977773
222367	0.977793
222793	0.977813
223434	0.977833
224275	0.977853
224393	0.977873
224765	0.977893
225822	0.977913
226116	0.977933
226494	0.977953
228106	0.977973
229717	0.977993
230424	0.978013
231042	0.978033
231131	0.978053
232212	0.978073
233839	0.978093
234176	0.978113
235558	0.978133
235692	0.978153
236036	0.978173
236120	0.978193
238633	0.978213
239056	0.978233
242635	0.978253
243187	0.978273
244385	0.978293
244453	0.978313
244671	0.978333
245104	0.978353
247257	0.978373
248614	0.978393
250231	0.978413
251990	0.978433
252392	0.978452
252825	0.978472
253551	0.978492
253627	0.978512
255914	0.978532
256728	0.978552
258431	0.978572
260075	0.978592
260087	0.978612
260186	0.978632
261323	0.978652
261665	0.978672
262979	0.978692
263124	0.978712
263554	0.978732
264480	0.978752
264984	0.978772
267114	0.978792
267379	0.978812
268556	0.978832
276298	0.978852
278484	0.978872
279358	0.978892
280148	0.978912
280173	0.978932
280735	0.978952
284395	0.978972
285277	0.978992
285518	0.979012
287845	0.979032
287968	0.979052
288223	0.979072
288386	0.979092
288704	0.979112
290627	0.979132
290763	0.979152
291027	0.979172
293827	0.979192
295373	0.979212
295960	0.979232
296143	0.979252
296664	0.979272
297089	0.979292
297287	0.979312
297837	0.979332
298122	0.979352
298380	0.979372
298660	0.979392
300179	0.979412
300472	0.979432
300476	0.979452
300761	0.979472
301018	0.979492
302363	0.979512
302455	0.979532
303018	0.979552
303143	0.979572
303225	0.979592
305133	0.979612
305859	0.979632
308235	0.979652
308555	0.979672
308748	0.979692
310203	0.979712
310728	0.979732
312777	0.979752
312787	0.979772
312819	0.979792
313429	0.979812
316917	0.979832
318820	0.979852
320626	0.979872
321123	0.979892
321131	0.979912
321256	0.979932
322206	0.979952
325748	0.979972
328923	0.979992
330223	0.980012
330647	0.980032
332487	0.980052
335142	0.980072
335251	0.980092
335282	0.980112
335430	0.980132
335918	0.980152
336728	0.980172
337595	0.980191
339216	0.980211
340424	0.980231
340720	0.980251
340776	0.980271
343600	0.980291
343870	0.980311
343954	0.980331
344640	0.980351
345475	0.980371
346671	0.980391
347361	0.980411
348883	0.980431
349938	0.980451
352119	0.980471
353258	0.980491
354865	0.980511
358564	0.980531
361691	0.980551
363735	0.980571
364290	0.980591
364738	0.980611
365503	0.980631
366513	0.980651
368216	0.980671
368370	0.980691
369254	0.980711
369347	0.980731
369713	0.980751
370099	0.980771
372613	0.980791
373051	0.980811
378117	0.980831
378298	0.980851
378591	0.980871
379145	0.980891
379302	0.980911
379577	0.980931
381189	0.980951
381196	0.980971
382501	0.980991
383242	0.981011
385327	0.981031
385554	0.981051
387222	0.981071
387367	0.981091
387842	0.981111
387988	0.981131
390109	0.981151
391571	0.981171
392941	0.981191
393639	0.981211
394638	0.981231
394741	0.981251
396006	0.981271
397920	0.981291
398193	0.981311
399351	0.981331
399361	0.981351
401269	0.981371
402559	0.981391
405068	0.981411
406310	0.981431
406834	0.981451
407439	0.981471
409944	0.981491
412601	0.981511
413529	0.981531
414423	0.981551
417530	0.981571
419258	0.981591
419480	0.981611
421166	0.981631
421827	0.981651
421897	0.981671
423676	0.981691
426918	0.981711
427892	0.981731
428901	0.981751
430068	0.981771
431246	0.981791
431965	0.981811
433139	0.981831
434155	0.981851
436370	0.981871
437873	0.981891
440430	0.981910
440642	0.981930
444001	0.981950
445512	0.981970
446603	0.981990
451196	0.982010
451456	0.982030
458563	0.982050
458606	0.982070
458756	0.982090
459268	0.982110
459705	0.982130
462397	0.982150
463561	0.982170
466363	0.982190
466430	0.982210
467366	0.982230
472516	0.982250
472841	0.982270
475770	0.982290
477990	0.982310
479461	0.982330
480787	0.982350
482030	0.982370
483730	0.982390
484285	0.982410
486721	0.982430
486812	0.982450
487069	0.982470
487410	0.982490
490468	0.982510
495315	0.982530
498604	0.982550
499642	0.982570
503373	0.982590
503450	0.982610
505116	0.982630
505833	0.982650
507242	0.982670
507741	0.982690
512468	0.982710
514121	0.982730
514477	0.982750
514535	0.982770
517169	0.982790
519345	0.982810
520701	0.982830
522103	0.982850
523831	0.982870
526756	0.982890
530723	0.982910
536002	0.982930
541307	0.982950
543850	0.982970
548475	0.982990
550513	0.983010
551977	0.983030
555359	0.983050
555516	0.983070
558574	0.983090
566561	0.983110
572153	0.983130
572206	0.983150
574643	0.983170
575156	0.983190
575465	0.983210
575658	0.983230
576540	0.983250
576991	0.983270
579977	0.983290
582348	0.983310
592020	0.983330
594076	0.983350
594412	0.983370
598337	0.983390
599625	0.983410
599630	0.983430
602225	0.983450
602841	0.983470
608809	0.983490
611896	0.983510
613903	0.983530
622314	0.983550
625245	0.983570
625596	0.983590
626750	0.983610
631561	0.983629
639424	0.983649
640205	0.983669
640598	0.983689
643666	0.983709
644719	0.983729
651309	0.983749
654227	0.983769
654707	0.983789
655349	0.983809
658619	0.983829
658933	0.983849
664288	0.983869
664830	0.983889
666004	0.983909
669769	0.983929
673266	0.983949
680761	0.983969
681137	0.983989
681962	0.984009
682491	0.984029
689895	0.984049
690448	0.984069
692563	0.984089
693494	0.984109
696316	0.984129
699323	0.984149
701154	0.984169
703810	0.984189
707458	0.984209
707606	0.984229
707659	0.984249
710936	0.984269
716203	0.984289
720233	0.984309
724377	0.984329
725253	0.984349
726004	0.984369
728896	0.984389
729980	0.984409
739877	0.984429
743667	0.984449
748569	0.984469
750373	0.984489
751521	0.984509
751960	0.984529
752772	0.984549
758500	0.984569
759884	0.984589
761548	0.984609
765499	0.984629
765635	0.984649
768400	0.984669
768718	0.984689
769099	0.984709
771488	0.984729
776487	0.984749
782621	0.984769
785078	0.984789
794308	0.984809
796663	0.984829
816777	0.984849
819563	0.984869
824156	0.984889
825080	0.984909
826321	0.984929
827604	0.984949
827693	0.984969
827986	0.984989
829891	0.985009
832107	0.985029
832937	0.985049
836559	0.985069
839699	0.985089
845858	0.985109
849352	0.985129
850374	0.985149
852285	0.985169
867160	0.985189
869698	0.985209
869857	0.985229
871334	0.985249
876651	0.985269
877893	0.985289
880245	0.985309
881404	0.985329
895945	0.985348
901349	0.985368
901745	0.985388
902246	0.985408
908791	0.985428
917905	0.985448
919997	0.985468
924840	0.985488
925594	0.985508
925961	0.985528
929683	0.985548
930811	0.985568
936155	0.985588
938200	0.985608
939097	0.985628
955516	0.985648
956663	0.985668
956764	0.985688
961374	0.985708
968207	0.985728
973943	0.985748
974005	0.985768
975143	0.985788
975557	0.985808
978559	0.985828
989230	0.985848
1014917	0.985868
1016036	0.985888
1022113	0.985908
1022552	0.985928
1023580	0.985948
1024045	0.985968
1026201	0.985988
1030671	0.986008
1045704	0.986028
1051316	0.986048
1061107	0.986068
1064484	0.986088
1071825	0.986108
1073602	0.986128
1077352	0.986148
1091043	0.986168
1091553	0.986188
1099255	0.986208
1102309	0.986228
1112317	0.986248
1113204	0.986268
1113875	0.986288
1117729	0.986308
1119720	0.986328
1125260	0.986348
1132154	0.986368
1140403	0.986388
1141670	0.986408
1147474	0.986428
1147682	0.986448
1167012	0.986468
1172646	0.986488
1174620	0.986508
1179170	0.986528
1183938	0.986548
1186523	0.986568
1203942	0.986588
1204389	0.986608
1206358	0.986628
1208397	0.986648
1210565	0.986668
1213759	0.986688
1217015	0.986708
1218939	0.986728
1224079	0.986748
1232343	0.986768
1236235	0.986788
1236577	0.986808
1250566	0.986828
1258314	0.986848
1266560	0.986868
1280040	0.986888
1293616	0.986908
1295002	0.986928
1296469	0.986948
1299451	0.986968
1308299	0.986988
1313990	0.987008
1327512	0.987028
1335945	0.987048
1338259	0.987068
1340180	0.987087
1350335	0.987107
1353259	0.987127
1353704	0.987147
1354668	0.987167
1361361	0.987187
1361544	0.987207
1361837	0.987227
1362690	0.987247
1370665	0.987267
1381976	0.987287
1382239	0.987307
1384498	0.987327
1397084	0.987347
1400588	0.987367
1405808	0.987387
1409795	0.987407
1414222	0.987427
1424220	0.987447
1424689	0.987467
1441054	0.987487
1442134	0.987507
1446645	0.987527
1448400	0.987547
1459291	0.987567
1460875	0.987587
1477818	0.987607
1478287	0.987627
1488808	0.987647
1489118	0.987667
1492471	0.987687
1493807	0.987707
1497235	0.987727
1509321	0.987747
1516599	0.987767
1517614	0.987787
1538927	0.987807
1541050	0.987827
1542587	0.987847
1553210	0.987867
1562181	0.987887
1572994	0.987907
1597355	0.987927
1610511	0.987947
1617058	0.987967
1633995	0.987987
1638996	0.988007
1660150	0.988027
1665201	0.988047
1677030	0.988067
1682340	0.988087
1689641	0.988107
1697819	0.988127
1704731	0.988147
1707336	0.988167
1728942	0.988187
1746601	0.988207
1755976	0.988227
1756034	0.988247
1760675	0.988267
1760963	0.988287
1777304	0.988307
1782999	0.988327
1789550	0.988347
1821823	0.988367
1830570	0.988387
1833487	0.988407
1842860	0.988427
1857029	0.988447
1859984	0.988467
1876810	0.988487
1879679	0.988507
1888095	0.988527
1900216	0.988547
1902704	0.988567
1909674	0.988587
1911879	0.988607
1914863	0.988627
1917327	0.988647
1927009	0.988667
1928030	0.988687
1950324	0.988707
1961534	0.988727
1961723	0.988747
1998402	0.988767
2014545	0.988787
2019964	0.988806
2023599	0.988826
2028266	0.988846
2041261	0.988866
2047359	0.988886
2052329	0.988906
2067204	0.988926
2071135	0.988946
2084526	0.988966
2084558	0.988986
2099414	0.989006
2107677	0.989026
2148998	0.989046
2169460	0.989066
2182662	0.989086
2183918	0.989106
2190945	0.989126
2200544	0.989146
2203550	0.989166
2208103	0.989186
2237880	0.989206
2246143	0.989226
2254854	0.989246
2334594	0.989266
2377349	0.989286
2425727	0.989306
2429241	0.989326
2472357	0.989346
2491719	0.989366
2496230	0.989386
2499371	0.989406
2510071	0.989426
2533911	0.989446
2537020	0.989466
2538676	0.989486
2545695	0.989506
2560459	0.989526
2575668	0.989546
2628872	0.989566
2633372	0.989586
2665334	0.989606
2673695	0.989626
2691058	0.989646
2705104	0.989666
2740046	0.989686
2769271	0.989706
2770528	0.989726
2811315	0.989746
2818517	0.989766
2821700	0.989786
2832201	0.989806
2837793	0.989826
2842432	0.989846
2845806	0.989866
2883559	0.989886
2921219	0.989906
2934722	0.989926
2947058	0.989946
2989817	0.989966
3027088	0.989986
3082890	0.990006
3119922	0.990026
3129718	0.990046
3135291	0.990066
3150037	0.990086
3154753	0.990106
3156689	0.990126
3174430	0.990146
3178265	0.990166
3185309	0.990186
3191909	0.990206
3210098	0.990226
3243075	0.990246
3244039	0.990266
3249649	0.990286
3284449	0.990306
3388453	0.990326
3422789	0.990346
3477344	0.990366
3477376	0.990386
3548707	0.990406
3550821	0.990426
3552558	0.990446
3564343	0.990466
3586692	0.990486
3618507	0.990506
3628997	0.990525
3640369	0.990545
3642444	0.990565
3670165	0.990585
3686017	0.990605
3686128	0.990625
3695353	0.990645
3712261	0.990665
3733098	0.990685
3754757	0.990705
3757854	0.990725
3781076	0.990745
3789736	0.990765
3793131	0.990785
3795245	0.990805
3821665	0.990825
3909417	0.990845
3943675	0.990865
3972031	0.990885
3981383	0.990905
4006761	0.990925
4014830	0.990945
4028351	0.990965
4031738	0.990985
4102356	0.991005
4102944	0.991025
4109834	0.991045
4117740	0.991065
4196392	0.991085
4236856	0.991105
4258713	0.991125
4285671	0.991145
4296800	0.991165
4320108	0.991185
4321916	0.991205
4347170	0.991225
4362185	0.991245
4367207	0.991265
4378167	0.991285
4424343	0.991305
4444785	0.991325
4471910	0.991345
4477240	0.991365
4481619	0.991385
4499204	0.991405
4515151	0.991425
4533253	0.991445
4541444	0.991465
4551883	0.991485
4576071	0.991505
4585822	0.991525
4587364	0.991545
4587462	0.991565
4589110	0.991585
4596324	0.991605
4596778	0.991625
4610032	0.991645
4610352	0.991665
4617566	0.991685
4697227	0.991705
4722110	0.991725
4786872	0.991745
4793248	0.991765
4798939	0.991785
4802732	0.991805
4825839	0.991825
4837548	0.991845
4848366	0.991865
4880226	0.991885
4913579	0.991905
4922583	0.991925
5076800	0.991945
5125595	0.991965
5135891	0.991985
5169383	0.992005
5180373	0.992025
5191894	0.992045
5196377	0.992065
5207453	0.992085
5298520	0.992105
5318456	0.992125
5371384	0.992145
5384365	0.992165
5406013	0.992185
5412630	0.992205
5457155	0.992225
5489477	0.992244
5535552	0.992264
5536481	0.992284
5654311	0.992304
5654474	0.992324
5696256	0.992344
5712953	0.992364
5806798	0.992384
5819832	0.992404
5844885	0.992424
5881684	0.992444
5905961	0.992464
5910078	0.992484
5969909	0.992504
6028163	0.992524
6077512	0.992544
6082016	0.992564
6115218	0.992584
6189508	0.992604
6189769	0.992624
6200052	0.992644
6246270	0.992664
6270586	0.992684
6279083	0.992704
6299944	0.992724
6331570	0.992744
6382720	0.992764
6393643	0.992784
6485737	0.992804
6667631	0.992824
6672508	0.992844
6727826	0.992864
6746971	0.992884
6909039	0.992904
6934778	0.992924
7012006	0.992944
7107223	0.992964
7140823	0.992984
7144273	0.993004
7308587	0.993024
7397801	0.993044
7417979	0.993064
7638049	0.993084
7854578	0.993104
7989426	0.993124
8072620	0.993144
8195849	0.993164
8202025	0.993184
8253138	0.993204
8270472	0.993224
8279583	0.993244
8428842	0.993264
8433920	0.993284
8588071	0.993304
8632980	0.993324
8636092	0.993344
8646214	0.993364
8696039	0.993384
8762317	0.993404
8836541	0.993424
8851412	0.993444
9131131	0.993464
9300075	0.993484
9545500	0.993504
9558329	0.993524
9630770	0.993544
9654446	0.993564
9771501	0.993584
9781720	0.993604
9998649	0.993624
10120771	0.993644
10237308	0.993664
10272041	0.993684
10287247	0.993704
10369756	0.993724
10437810	0.993744
10651558	0.993764
10665760	0.993784
10678681	0.993804
10768281	0.993824
10791869	0.993844
11026883	0.993864
11071777	0.993884
11073710	0.993904
11081947	0.993924
11099137	0.993944
11342638	0.993964
11416486	0.993983
11478434	0.994003
11500451	0.994023
11629432	0.994043
11644110	0.994063
11736457	0.994083
11907928	0.994103
12056784	0.994123
12161559	0.994143
12281684	0.994163
12318473	0.994183
12500029	0.994203
12532494	0.994223
12557781	0.994243
12717781	0.994263
12892796	0.994283
13045332	0.994303
13076109	0.994323
13176044	0.994343
13278539	0.994363
13319602	0.994383
13324367	0.994403
13465742	0.994423
13600484	0.994443
13836952	0.994463
13999186	0.994483
14150974	0.994503
14233029	0.994523
14444516	0.994543
14523091	0.994563
14768293	0.994583
14822903	0.994603
15000219	0.994623
15011392	0.994643
15027990	0.994663
15036290	0.994683
15043512	0.994703
15209556	0.994723
15227959	0.994743
15331695	0.994763
15413137	0.994783
15607400	0.994803
15771077	0.994823
15946859	0.994843
16031961	0.994863
16233095	0.994883
16310942	0.994903
16738818	0.994923
16831118	0.994943
16926304	0.994963
16975963	0.994983
16981776	0.995003
17486386	0.995023
17673946	0.995043
17691490	0.995063
17947755	0.995083
18095922	0.995103
18133402	0.995123
18609936	0.995143
18633484	0.995163
18668259	0.995183
18853104	0.995203
18984919	0.995223
19289382	0.995243
19317336	0.995263
19489263	0.995283
19686279	0.995303
19872885	0.995323
21063004	0.995343
21289638	0.995363
21381761	0.995383
22577970	0.995403
22843558	0.995423
23062011	0.995443
23394809	0.995463
24034867	0.995483
24168175	0.995503
24252099	0.995523
24364298	0.995543
24504298	0.995563
25108147	0.995583
25254004	0.995603
25528186	0.995623
26122246	0.995643
26514391	0.995663
26897415	0.995683
26933958	0.995702
27178265	0.995722
27262931	0.995742
27380973	0.995762
27474508	0.995782
27599122	0.995802
27603442	0.995822
27865740	0.995842
28161700	0.995862
28307990	0.995882
29177505	0.995902
29340013	0.995922
29351568	0.995942
29379976	0.995962
30425022	0.995982
30509724	0.996002
30659584	0.996022
30875435	0.996042
31163201	0.996062
31893242	0.996082
31970890	0.996102
32116948	0.996122
32160961	0.996142
32377653	0.996162
32459026	0.996182
32497960	0.996202
32740572	0.996222
33560357	0.996242
34395527	0.996262
34398018	0.996282
35080798	0.996302
35088085	0.996322
35102217	0.996342
36085287	0.996362
36138038	0.996382
36197384	0.996402
36279992	0.996422
36281448	0.996442
36293828	0.996462
36757997	0.996482
37095144	0.996502
37109046	0.996522
37630162	0.996542
38087380	0.996562
38763972	0.996582
39622946	0.996602
39667241	0.996622
40235562	0.996642
40270556	0.996662
40594835	0.996682
40762568	0.996702
41186504	0.996722
42247503	0.996742
42259505	0.996762
42853421	0.996782
42863609	0.996802
43281749	0.996822
43666427	0.996842
44651722	0.996862
44750285	0.996882
44831587	0.996902
44881755	0.996922
45079676	0.996942
45680780	0.996962
47808026	0.996982
48074921	0.997002
48740407	0.997022
49586297	0.997042
49840606	0.997062
50409445	0.997082
50637459	0.997102
50912730	0.997122
51571887	0.997142
52549369	0.997162
52602302	0.997182
52740796	0.997202
52888768	0.997222
54254000	0.997242
54473582	0.997262
55040502	0.997282
55815407	0.997302
55846984	0.997322
55850202	0.997342
55936559	0.997362
56407617	0.997382
59766737	0.997402
63039348	0.997421
64116607	0.997441
65142807	0.997461
65673207	0.997481
66216985	0.997501
68509431	0.997521
69048080	0.997541
70830912	0.997561
71165396	0.997581
73133446	0.997601
75315839	0.997621
76415522	0.997641
79124343	0.997661
79478273	0.997681
81842800	0.997701
82435122	0.997721
83613864	0.997741
83944041	0.997761
84393159	0.997781
84453073	0.997801
85748063	0.997821
86768261	0.997841
88736100	0.997861
90352056	0.997881
90950273	0.997901
92744001	0.997921
95308807	0.997941
98740492	0.997961
99922793	0.997981
100607286	0.998001
101139693	0.998021
103482890	0.998041
105638585	0.998061
105687760	0.998081
108182670	0.998101
108456744	0.998121
109520470	0.998141
109799967	0.998161
112275990	0.998181
112289254	0.998201
112790744	0.998221
112853085	0.998241
115167366	0.998261
119168526	0.998281
121417209	0.998301
121565897	0.998321
123023362	0.998341
123559711	0.998361
125740029	0.998381
129933254	0.998401
131254009	0.998421
131371092	0.998441
133061315	0.998461
136199466	0.998481
137950175	0.998501
141876485	0.998521
142847810	0.998541
142909942	0.998561
148817760	0.998581
149294380	0.998601
149470151	0.998621
154705023	0.998641
155102205	0.998661
156392490	0.998681
156930390	0.998701
159937568	0.998721
159955884	0.998741
167435738	0.998761
167629625	0.998781
169773405	0.998801
173878491	0.998821
185706384	0.998841
187144658	0.998861
192403207	0.998881
199091411	0.998901
202321676	0.998921
204970452	0.998941
207523134	0.998961
217546240	0.998981
220689119	0.999001
222359779	0.999021
225588353	0.999041
226613497	0.999061
231216889	0.999081
232040153	0.999101
240240876	0.999121
241773687	0.999140
249348203	0.999160
255265756	0.999180
257302526	0.999200
258768210	0.999220
259601319	0.999240
277573881	0.999260
279864224	0.999280
285129814	0.999300
312622862	0.999320
314074528	0.999340
317531552	0.999360
353603407	0.999380
361116896	0.999400
361437108	0.999420
381375224	0.999440
382440367	0.999460
407725894	0.999480
443808152	0.999500
444136465	0.999520
468742380	0.999540
510793165	0.999560
525748163	0.999580
526079535	0.999600
530950003	0.999620
547093233	0.999640
558347940	0.999660
561191470	0.999680
565636969	0.999700
600164368	0.999720
640582326	0.999740
650390150	0.999760
739272022	0.999780
750205656	0.999800
755236415	0.999820
765904006	0.999840
833677820	0.999860
878822921	0.999880
879439822	0.999900
889086853	0.999920
899844297	0.999940
910458613	0.999960
949807291	0.999980
949901768	1.000000
