skew	elapsed-w	errors-w	ops(total)-w	ops/sec(cum)-w	avg(ms)-w	p50(ms)-w	p95(ms)-w	p99(ms)-w	pMax(ms)-w	total-w	elapsed	errors	ops(total)	ops/sec(cum)	avg(ms)	p50(ms)	p95(ms)	p99(ms)	pMax(ms)
0	0.0	0.0	836007.0	13932.999999999998	13.975	10.5	37.7	54.5	157.29999999999998	0.0	0.0	0.0	836007.0	13932.999999999998	13.975	10.5	37.7	54.5	157.29999999999998
0.1	0.0	0.0	807316.0	13455.0	14.45	11.0	39.8	56.6	167.77499999999998	0.0	0.0	0.0	807316.0	13455.0	14.45	11.0	39.8	56.6	167.77499999999998
0.2	0.0	0.0	830854.0	13847.0	14.075000000000001	10.625	37.7	54.5	153.1	0.0	0.0	0.0	830854.0	13847.0	14.075000000000001	10.625	37.7	54.5	153.1
0.3	0.0	0.0	814083.0	13567.7	14.2	10.5	38.225	56.6	151.0	0.0	0.0	0.0	814083.0	13567.7	14.2	10.5	38.225	56.6	151.0
0.4	0.0	0.0	840954.0	14015.5	14.174999999999999	11.0	37.7	54.5	142.6	0.0	0.0	0.0	840954.0	14015.5	14.174999999999999	11.0	37.7	54.5	142.6
0.5	0.0	0.0	815128.0	13585.0	14.325	11.0	37.7	55.55	176.175	0.0	0.0	0.0	815128.0	13585.0	14.325	11.0	37.7	55.55	176.175
0.6	0.0	0.0	842403.0	14039.5	13.975	10.5	37.7	54.5	165.7	0.0	0.0	0.0	842403.0	14039.5	13.975	10.5	37.7	54.5	165.7
0.7	0.0	0.0	766333.0	12771.7	15.1	10.0	37.7	56.6	6777.974999999999	0.0	0.0	0.0	766333.0	12771.7	15.1	10.0	37.7	56.6	6777.974999999999
0.8	0.0	0.0	425780.0	7096.200000000001	27.525000000000002	4.125	10.25	33.6	22145.925	0.0	0.0	0.0	425780.0	7096.200000000001	27.525000000000002	4.125	10.25	33.6	22145.925
0.9	0.0	0.0	217768.0	3629.4	40.125	4.15	8.125	964.675	23488.1	0.0	0.0	0.0	217768.0	3629.4	40.125	4.15	8.125	964.675	23488.1
0.99	0.0	0.0	81718.0	1361.9	138.52499999999998	3.8499999999999996	13.649999999999999	4764.7	25501.350000000002	0.0	0.0	0.0	81718.0	1361.9	138.52499999999998	3.8499999999999996	13.649999999999999	4764.7	25501.350000000002
1.1	0.0	0.0	57174.0	952.8	149.45000000000002	4.7	528.5	4227.825	23890.75	0.0	0.0	0.0	57174.0	952.8	149.45000000000002	4.7	528.5	4227.825	23890.75
1.2	0.0	0.0	38306.0	638.4	218.5	4.7749999999999995	1065.35	5704.25	25232.925	0.0	0.0	0.0	38306.0	638.4	218.5	4.7749999999999995	1065.35	5704.25	25232.925
1.3	0.0	0.0	21374.0	356.20000000000005	537.8499999999999	4.55	3825.2	10737.400000000001	28185.7	0.0	0.0	0.0	21374.0	356.20000000000005	537.8499999999999	4.55	3825.2	10737.400000000001	28185.7
1.34	0.0	0.0	25534.0	425.5	324.65	4.5	1761.575	7516.224999999999	30333.199999999997	0.0	0.0	0.0	25534.0	425.5	324.65	4.5	1761.575	7516.224999999999	30333.199999999997
1.5	0.0	0.0	19765.0	329.4	405.69999999999993	4.7	2365.575	8254.4	24964.475000000002	0.0	0.0	0.0	19765.0	329.4	405.69999999999993	4.7	2365.575	8254.4	24964.475000000002
1.6	0.0	0.0	16682.0	277.90000000000003	473.8	5.2749999999999995	2818.5750000000003	8724.150000000001	24159.199999999997	0.0	0.0	0.0	16682.0	277.90000000000003	473.8	5.2749999999999995	2818.5750000000003	8724.150000000001	24159.199999999997
1.7	0.0	0.0	15621.0	260.3	533.75	4.7749999999999995	3086.9999999999995	10066.325	26575.1	0.0	0.0	0.0	15621.0	260.3	533.75	4.7749999999999995	3086.9999999999995	10066.325	26575.1
1.8	0.0	0.0	10830.0	180.4	1073.8500000000001	5.9	7247.775	14629.725	28722.600000000002	0.0	0.0	0.0	10830.0	180.4	1073.8500000000001	5.9	7247.775	14629.725	28722.600000000002
1.9	0.0	0.0	13456.0	224.1	618.55	5.0	3523.2250000000004	10737.4	28454.15	0.0	0.0	0.0	13456.0	224.1	618.55	5.0	3523.2250000000004	10737.4	28454.15
2.0	0.0	0.0	12344.0	205.6	664.1999999999999	5.0	3791.675	10737.400000000001	25232.925	0.0	0.0	0.0	12344.0	205.6	664.1999999999999	5.0	3791.675	10737.400000000001	25232.925
