skew	elapsed-r	errors-r	ops(total)-r	ops/sec(cum)-r	avg(ms)-r	p50(ms)-r	p95(ms)-r	p99(ms)-r	pMax(ms)-r	total-r	elapsed	errors	ops(total)	ops/sec(cum)	avg(ms)	p50(ms)	p95(ms)	p99(ms)	pMax(ms)
0	0.0	0.0	721831.0	12030.199999999999	18.6	22.0	32.5	44.0	93.35000000000001	0.0	0.0	0.0	721831.0	12030.199999999999	18.6	22.0	32.5	44.0	93.35000000000001
0.1	0.0	0.0	769600.0	12826.399999999998	17.45	22.0	33.6	46.1	103.82499999999999	0.0	0.0	0.0	769600.0	12826.399999999998	17.45	22.0	33.6	46.1	103.82499999999999
0.2	0.0	0.0	970078.0	16167.400000000001	13.85	15.075	27.3	37.7	81.8	0.0	0.0	0.0	970078.0	16167.400000000001	13.85	15.075	27.3	37.7	81.8
0.3	0.0	0.0	905779.0	15096.0	14.850000000000001	18.075	27.3	37.7	83.9	0.0	0.0	0.0	905779.0	15096.0	14.850000000000001	18.075	27.3	37.7	83.9
0.4	0.0	0.0	809990.0	13499.599999999999	16.575000000000003	21.0	31.5	44.0	100.675	0.0	0.0	0.0	809990.0	13499.599999999999	16.575000000000003	21.0	31.5	44.0	100.675
0.5	0.0	0.0	774512.0	12908.0	17.349999999999998	22.0	31.5	44.0	89.15	0.0	0.0	0.0	774512.0	12908.0	17.349999999999998	22.0	31.5	44.0	89.15
0.6	0.0	0.0	896300.0	14938.0	15.0	17.8	27.3	37.7	75.5	0.0	0.0	0.0	896300.0	14938.0	15.0	17.8	27.3	37.7	75.5
0.7	0.0	0.0	852764.0	14212.300000000001	15.75	19.9	31.225	43.475	102.775	0.0	0.0	0.0	852764.0	14212.300000000001	15.75	19.9	31.225	43.475	102.775
0.8	0.0	0.0	803937.0	13398.5	16.724999999999998	21.0	31.5	44.0	96.5	0.0	0.0	0.0	803937.0	13398.5	16.724999999999998	21.0	31.5	44.0	96.5
0.9	0.0	0.0	986413.0	16439.6	13.6	14.05	26.75	37.7	74.45	0.0	0.0	0.0	986413.0	16439.6	13.6	14.05	26.75	37.7	74.45
0.99	0.0	0.0	956576.0	15942.4	14.05	15.325	27.3	37.7	80.75	0.0	0.0	0.0	956576.0	15942.4	14.05	15.325	27.3	37.7	80.75
1.1	0.0	0.0	922714.0	15378.099999999999	14.55	17.8	27.3	37.7	80.75	0.0	0.0	0.0	922714.0	15378.099999999999	14.55	17.8	27.3	37.7	80.75
1.2	0.0	0.0	821192.0	13686.0	16.35	21.0	33.6	45.575	102.77499999999999	0.0	0.0	0.0	821192.0	13686.0	16.35	21.0	33.6	45.575	102.77499999999999
1.3	0.0	0.0	736590.0	12275.9	18.25	22.0	33.6	46.1	100.67500000000001	0.0	0.0	0.0	736590.0	12275.9	18.25	22.0	33.6	46.1	100.67500000000001
1.4	0.0	0.0	925950.0	15432.099999999999	14.5	17.55	27.3	37.7	77.6	0.0	0.0	0.0	925950.0	15432.099999999999	14.5	17.55	27.3	37.7	77.6
1.5	0.0	0.0	811025.0	13516.699999999999	16.55	21.0	33.325	46.1	97.55	0.0	0.0	0.0	811025.0	13516.699999999999	16.55	21.0	33.325	46.1	97.55
1.6	0.0	0.0	758495.0	12641.1	17.725	22.0	33.6	46.1	104.875	0.0	0.0	0.0	758495.0	12641.1	17.725	22.0	33.6	46.1	104.875
1.7	0.0	0.0	1032378.0	17205.800000000003	13.025	11.5	26.2	35.7	78.65	0.0	0.0	0.0	1032378.0	17205.800000000003	13.025	11.5	26.2	35.7	78.65
1.8	0.0	0.0	763330.0	12721.899999999998	17.625	22.0	31.5	44.0	92.3	0.0	0.0	0.0	763330.0	12721.899999999998	17.625	22.0	31.5	44.0	92.3
1.9	0.0	0.0	937460.0	15623.8	14.325	16.425	27.3	37.7	81.8	0.0	0.0	0.0	937460.0	15623.8	14.325	16.425	27.3	37.7	81.8
2.0	0.0	0.0	787644.0	13126.9	17.05	21.0	33.6	46.1	100.675	0.0	0.0	0.0	787644.0	13126.9	17.05	21.0	33.6	46.1	100.675
