threads	skew	elapsed-r	errors-r	ops(total)-r	ops/sec(cum)-r	avg(ms)-r	p50(ms)-r	p95(ms)-r	p99(ms)-r	pMax(ms)-r	total-r	elapsed-w	errors-w	ops(total)-w	ops/sec(cum)-w	avg(ms)-w	p50(ms)-w	p95(ms)-w	p99(ms)-w	pMax(ms)-w	total-w	elapsed	errors	ops(total)	ops/sec(cum)	avg(ms)	p50(ms)	p95(ms)	p99(ms)	pMax(ms)
56	1.11	0.0	0.0	154962.0	11067.4	4.3	3.5	11.0	17.8	48.2	0.0	0.0	0.0	17114.0	1222.3	5.4	4.7	8.9	25.2	184.5	0.0	0.0	0.0	172076.0	12289.6	4.4	3.7	11.0	17.8	184.5
64	1.11	0.0	0.0	160209.0	11440.0	4.7	3.7	12.6	25.2	60.8	0.0	0.0	0.0	17764.0	1268.5	6.3	4.7	10.0	50.3	637.5	0.0	0.0	0.0	177973.0	12708.4	4.9	3.8	12.1	26.2	637.5
72	1.11	0.0	0.0	171317.0	12235.9	4.9	3.7	13.6	29.4	71.3	0.0	0.0	0.0	19031.0	1359.2	7.2	5.0	12.1	79.7	419.4	0.0	0.0	0.0	190348.0	13595.2	5.1	3.8	13.6	31.5	419.4
81	1.09	0.0	0.0	190266.0	13588.9	4.9	3.5	13.1	29.4	176.2	0.0	0.0	0.0	21246.0	1517.4	8.2	5.8	15.7	54.5	486.5	0.0	0.0	0.0	211512.0	15106.3	5.2	3.8	13.1	30.4	486.5
85	1.09	0.0	0.0	234526.0	13793.6	5.2	3.8	13.6	30.4	88.1	0.0	0.0	0.0	26066.0	1533.1	7.4	5.5	12.6	62.9	419.4	0.0	0.0	0.0	260592.0	15326.7	5.4	3.9	13.6	31.5	419.4
87	1.09	0.0	0.0	236828.0	13929.1	5.2	3.9	14.2	30.4	71.3	0.0	0.0	0.0	26510.0	1559.2	7.5	5.5	13.6	58.7	536.9	0.0	0.0	0.0	263338.0	15488.3	5.5	4.1	14.2	31.5	536.9
89	1.09	0.0	0.0	238167.0	14008.6	5.2	3.8	14.2	33.6	125.8	0.0	0.0	0.0	26591.0	1564.0	8.6	6.0	15.7	67.1	520.1	0.0	0.0	0.0	264758.0	15572.7	5.6	3.9	14.2	35.7	520.1
91	1.09	0.0	0.0	240409.0	14138.9	5.4	4.1	14.7	29.4	92.3	0.0	0.0	0.0	26564.0	1562.3	7.5	5.8	14.2	54.5	486.5	0.0	0.0	0.0	266973.0	15701.1	5.6	4.2	14.7	30.4	486.5
94	1.09	0.0	0.0	191574.0	13680.9	5.6	4.1	15.2	33.6	83.9	0.0	0.0	0.0	21466.0	1533.0	9.2	6.8	17.8	62.9	520.1	0.0	0.0	0.0	213040.0	15213.8	5.9	4.2	15.2	35.7	520.1
96	1.11	0.0	0.0	178341.0	12735.5	6.2	3.7	18.9	58.7	184.5	0.0	0.0	0.0	19609.0	1400.3	10.6	5.2	17.8	176.2	838.9	0.0	0.0	0.0	197950.0	14135.8	6.6	3.8	18.9	60.8	838.9
100	1.11	0.0	0.0	176273.0	12588.6	6.5	3.8	19.9	65.0	113.2	0.0	0.0	0.0	19571.0	1397.7	11.2	5.2	16.3	209.7	1006.6	0.0	0.0	0.0	195844.0	13986.3	7.0	3.9	19.9	67.1	1006.6
98	1.11	0.0	0.0	175237.0	12513.8	6.4	3.4	19.9	71.3	125.8	0.0	0.0	0.0	19377.0	1383.7	11.2	4.7	14.2	209.7	1409.3	0.0	0.0	0.0	194614.0	13897.5	6.9	3.5	18.9	75.5	1409.3
